id,name,type,platinum,2026-01-15,2026-02-05,2026-03-08,2026-03-17,2026-04-16,2026-05-03,2026-05-14,2026-05-21,2026-06-08,current,recent_rate_per_day,historical_rate_per_day,blended_rate_per_day,formula,projection_mode,manual_expected,projected_date,days_remaining,segments,segment_breakdown
vivillon,Vivillon Collector,Standard,18,18,18,18,18,18,18,18,18,18,18,0.000,0.000,0.000,recent*0.65 + historical*0.35,completed,2025-10-01,2026-06-08,0,8,2026-01-15->2026-02-05: Δ0 / 21d = 0.000 | 2026-02-05->2026-03-08: Δ0 / 31d = 0.000 | 2026-03-08->2026-03-17: Δ0 / 9d = 0.000 | 2026-03-17->2026-04-16: Δ0 / 30d = 0.000 | 2026-04-16->2026-05-03: Δ0 / 17d = 0.000 | 2026-05-03->2026-05-14: Δ0 / 11d = 0.000 | 2026-05-14->2026-05-21: Δ0 / 7d = 0.000 | 2026-05-21->2026-06-08: Δ0 / 18d = 0.000
kanto,Kanto,Pokedex,151,145,148,151,151,151,151,151,151,151,151,0.000,0.034,0.012,recent*0.65 + historical*0.35,completed,2026-10-01,2026-06-08,0,8,2026-01-15->2026-02-05: Δ3 / 21d = 0.143 | 2026-02-05->2026-03-08: Δ3 / 31d = 0.097 | 2026-03-08->2026-03-17: Δ0 / 9d = 0.000 | 2026-03-17->2026-04-16: Δ0 / 30d = 0.000 | 2026-04-16->2026-05-03: Δ0 / 17d = 0.000 | 2026-05-03->2026-05-14: Δ0 / 11d = 0.000 | 2026-05-14->2026-05-21: Δ0 / 7d = 0.000 | 2026-05-21->2026-06-08: Δ0 / 18d = 0.000
johto,Johto,Pokedex,100,97,98,100,100,100,100,100,100,100,100,0.000,0.016,0.006,recent*0.65 + historical*0.35,completed,2026-06-01,2026-06-08,0,8,2026-01-15->2026-02-05: Δ1 / 21d = 0.048 | 2026-02-05->2026-03-08: Δ2 / 31d = 0.065 | 2026-03-08->2026-03-17: Δ0 / 9d = 0.000 | 2026-03-17->2026-04-16: Δ0 / 30d = 0.000 | 2026-04-16->2026-05-03: Δ0 / 17d = 0.000 | 2026-05-03->2026-05-14: Δ0 / 11d = 0.000 | 2026-05-14->2026-05-21: Δ0 / 7d = 0.000 | 2026-05-21->2026-06-08: Δ0 / 18d = 0.000
gym_leader,Gym Leader,Standard,15000,22487,24126,27989,28766,32187,34115,35047,35460,37472,37472,111.778,94.309,105.664,recent*0.65 + historical*0.35,completed,2025-10-01,2026-06-08,0,8,2026-01-15->2026-02-05: Δ1639 / 21d = 78.048 | 2026-02-05->2026-03-08: Δ3863 / 31d = 124.613 | 2026-03-08->2026-03-17: Δ777 / 9d = 86.333 | 2026-03-17->2026-04-16: Δ3421 / 30d = 114.033 | 2026-04-16->2026-05-03: Δ1928 / 17d = 113.412 | 2026-05-03->2026-05-14: Δ932 / 11d = 84.727 | 2026-05-14->2026-05-21: Δ413 / 7d = 59.000 | 2026-05-21->2026-06-08: Δ2012 / 18d = 111.778
idol,Idol,Standard,20,57,58,75,81,97,110,110,110,116,116,0.333,0.366,0.345,recent*0.65 + historical*0.35,completed,2025-10-01,2026-06-08,0,8,2026-01-15->2026-02-05: Δ1 / 21d = 0.048 | 2026-02-05->2026-03-08: Δ17 / 31d = 0.548 | 2026-03-08->2026-03-17: Δ6 / 9d = 0.667 | 2026-03-17->2026-04-16: Δ16 / 30d = 0.533 | 2026-04-16->2026-05-03: Δ13 / 17d = 0.765 | 2026-05-03->2026-05-14: Δ0 / 11d = 0.000 | 2026-05-14->2026-05-21: Δ0 / 7d = 0.000 | 2026-05-21->2026-06-08: Δ6 / 18d = 0.333
kalos,Kalos,Pokedex,72,52,53,72,72,72,72,72,72,72,72,0.000,0.094,0.033,recent*0.65 + historical*0.35,completed,2026-08-01,2026-06-08,0,8,2026-01-15->2026-02-05: Δ1 / 21d = 0.048 | 2026-02-05->2026-03-08: Δ19 / 31d = 0.613 | 2026-03-08->2026-03-17: Δ0 / 9d = 0.000 | 2026-03-17->2026-04-16: Δ0 / 30d = 0.000 | 2026-04-16->2026-05-03: Δ0 / 17d = 0.000 | 2026-05-03->2026-05-14: Δ0 / 11d = 0.000 | 2026-05-14->2026-05-21: Δ0 / 7d = 0.000 | 2026-05-21->2026-06-08: Δ0 / 18d = 0.000
triathlete,Triathlete,Standard,100,88,97,105,106,116,120,124,126,130,130,0.222,0.288,0.245,recent*0.65 + historical*0.35,completed,2026-02-01,2026-06-08,0,8,2026-01-15->2026-02-05: Δ9 / 21d = 0.429 | 2026-02-05->2026-03-08: Δ8 / 31d = 0.258 | 2026-03-08->2026-03-17: Δ1 / 9d = 0.111 | 2026-03-17->2026-04-16: Δ10 / 30d = 0.333 | 2026-04-16->2026-05-03: Δ4 / 17d = 0.235 | 2026-05-03->2026-05-14: Δ4 / 11d = 0.364 | 2026-05-14->2026-05-21: Δ2 / 7d = 0.286 | 2026-05-21->2026-06-08: Δ4 / 18d = 0.222
rising_star,Rising Star,Standard,150,141,145,164,166,169,173,174,174,181,181,0.389,0.207,0.325,recent*0.65 + historical*0.35,completed,2026-02-01,2026-06-08,0,8,2026-01-15->2026-02-05: Δ4 / 21d = 0.190 | 2026-02-05->2026-03-08: Δ19 / 31d = 0.613 | 2026-03-08->2026-03-17: Δ2 / 9d = 0.222 | 2026-03-17->2026-04-16: Δ3 / 30d = 0.100 | 2026-04-16->2026-05-03: Δ4 / 17d = 0.235 | 2026-05-03->2026-05-14: Δ1 / 11d = 0.091 | 2026-05-14->2026-05-21: Δ0 / 7d = 0.000 | 2026-05-21->2026-06-08: Δ7 / 18d = 0.389
expert_navigator,Expert Navigator,Standard,600,616,653,682,685,703,707,707,708,710,710,0.111,0.573,0.273,recent*0.65 + historical*0.35,completed,2026-01-01,2026-06-08,0,8,2026-01-15->2026-02-05: Δ37 / 21d = 1.762 | 2026-02-05->2026-03-08: Δ29 / 31d = 0.935 | 2026-03-08->2026-03-17: Δ3 / 9d = 0.333 | 2026-03-17->2026-04-16: Δ18 / 30d = 0.600 | 2026-04-16->2026-05-03: Δ4 / 17d = 0.235 | 2026-05-03->2026-05-14: Δ0 / 11d = 0.000 | 2026-05-14->2026-05-21: Δ1 / 7d = 0.143 | 2026-05-21->2026-06-08: Δ2 / 18d = 0.111
life_party,Life of the Party,Standard,200,207,210,210,210,210,210,210,210,213,213,0.167,0.020,0.115,recent*0.65 + historical*0.35,completed,2025-11-01,2026-06-08,0,8,2026-01-15->2026-02-05: Δ3 / 21d = 0.143 | 2026-02-05->2026-03-08: Δ0 / 31d = 0.000 | 2026-03-08->2026-03-17: Δ0 / 9d = 0.000 | 2026-03-17->2026-04-16: Δ0 / 30d = 0.000 | 2026-04-16->2026-05-03: Δ0 / 17d = 0.000 | 2026-05-03->2026-05-14: Δ0 / 11d = 0.000 | 2026-05-14->2026-05-21: Δ0 / 7d = 0.000 | 2026-05-21->2026-06-08: Δ3 / 18d = 0.167
jogger,Jogger,Progressive,10000,2364.6,2539.3,2815.3,2884.7,3164.5,3320.1,3407.7,3469.9,3636,3636,9.228,8.609,9.011,recent*0.65 + historical*0.35,rate,2028-05-01,2028-05-14,706,8,2026-01-15->2026-02-05: Δ174.70000000000027 / 21d = 8.319 | 2026-02-05->2026-03-08: Δ276 / 31d = 8.903 | 2026-03-08->2026-03-17: Δ69.39999999999964 / 9d = 7.711 | 2026-03-17->2026-04-16: Δ279.8000000000002 / 30d = 9.327 | 2026-04-16->2026-05-03: Δ155.5999999999999 / 17d = 9.153 | 2026-05-03->2026-05-14: Δ87.59999999999991 / 11d = 7.964 | 2026-05-14->2026-05-21: Δ62.20000000000027 / 7d = 8.886 | 2026-05-21->2026-06-08: Δ166.0999999999999 / 18d = 9.228
collector,Collector,Progressive,50000,20692,23537,27928,29196,34068,37018,38447,39471,42820,42820,186.056,147.162,172.443,recent*0.65 + historical*0.35,rate,2026-08-01,2026-07-20,42,8,2026-01-15->2026-02-05: Δ2845 / 21d = 135.476 | 2026-02-05->2026-03-08: Δ4391 / 31d = 141.645 | 2026-03-08->2026-03-17: Δ1268 / 9d = 140.889 | 2026-03-17->2026-04-16: Δ4872 / 30d = 162.400 | 2026-04-16->2026-05-03: Δ2950 / 17d = 173.529 | 2026-05-03->2026-05-14: Δ1429 / 11d = 129.909 | 2026-05-14->2026-05-21: Δ1024 / 7d = 146.286 | 2026-05-21->2026-06-08: Δ3349 / 18d = 186.056
scientist,Scientist,Progressive,2000,313,413,524,556,612,676,684,691,824,824,7.389,2.751,5.766,recent*0.65 + historical*0.35,rate,2027-04-01,2026-12-29,204,8,2026-01-15->2026-02-05: Δ100 / 21d = 4.762 | 2026-02-05->2026-03-08: Δ111 / 31d = 3.581 | 2026-03-08->2026-03-17: Δ32 / 9d = 3.556 | 2026-03-17->2026-04-16: Δ56 / 30d = 1.867 | 2026-04-16->2026-05-03: Δ64 / 17d = 3.765 | 2026-05-03->2026-05-14: Δ8 / 11d = 0.727 | 2026-05-14->2026-05-21: Δ7 / 7d = 1.000 | 2026-05-21->2026-06-08: Δ133 / 18d = 7.389
breeder,Breeder,Progressive,2500,534,586,681,698,767,817,840,867,915,915,2.667,2.660,2.664,recent*0.65 + historical*0.35,rate,2028-01-01,2028-01-24,595,8,2026-01-15->2026-02-05: Δ52 / 21d = 2.476 | 2026-02-05->2026-03-08: Δ95 / 31d = 3.065 | 2026-03-08->2026-03-17: Δ17 / 9d = 1.889 | 2026-03-17->2026-04-16: Δ69 / 30d = 2.300 | 2026-04-16->2026-05-03: Δ50 / 17d = 2.941 | 2026-05-03->2026-05-14: Δ23 / 11d = 2.091 | 2026-05-14->2026-05-21: Δ27 / 7d = 3.857 | 2026-05-21->2026-06-08: Δ48 / 18d = 2.667
backpacker,Backpacker,Progressive,50000,14054,16093,19232,20125,23753,26134,27473,28208,30565,30565,130.944,112.185,124.379,recent*0.65 + historical*0.35,rate,2027-02-01,2026-11-11,156,8,2026-01-15->2026-02-05: Δ2039 / 21d = 97.095 | 2026-02-05->2026-03-08: Δ3139 / 31d = 101.258 | 2026-03-08->2026-03-17: Δ893 / 9d = 99.222 | 2026-03-17->2026-04-16: Δ3628 / 30d = 120.933 | 2026-04-16->2026-05-03: Δ2381 / 17d = 140.059 | 2026-05-03->2026-05-14: Δ1339 / 11d = 121.727 | 2026-05-14->2026-05-21: Δ735 / 7d = 105.000 | 2026-05-21->2026-06-08: Δ2357 / 18d = 130.944
sightseer,Sightseer,Progressive,2000,1100,1174,1322,1359,1504,1615,1636,1668,1862,1862,10.778,4.322,8.518,recent*0.65 + historical*0.35,rate,2026-07-01,2026-06-24,16,8,2026-01-15->2026-02-05: Δ74 / 21d = 3.524 | 2026-02-05->2026-03-08: Δ148 / 31d = 4.774 | 2026-03-08->2026-03-17: Δ37 / 9d = 4.111 | 2026-03-17->2026-04-16: Δ145 / 30d = 4.833 | 2026-04-16->2026-05-03: Δ111 / 17d = 6.529 | 2026-05-03->2026-05-14: Δ21 / 11d = 1.909 | 2026-05-14->2026-05-21: Δ32 / 7d = 4.571 | 2026-05-21->2026-06-08: Δ194 / 18d = 10.778
battle_girl,Battle Girl,Progressive,4000,2584,2730,2953,2971,3238,3363,3452,3497,3700,3700,11.278,6.703,9.676,recent*0.65 + historical*0.35,rate,2026-07-01,2026-07-09,31,8,2026-01-15->2026-02-05: Δ146 / 21d = 6.952 | 2026-02-05->2026-03-08: Δ223 / 31d = 7.194 | 2026-03-08->2026-03-17: Δ18 / 9d = 2.000 | 2026-03-17->2026-04-16: Δ267 / 30d = 8.900 | 2026-04-16->2026-05-03: Δ125 / 17d = 7.353 | 2026-05-03->2026-05-14: Δ89 / 11d = 8.091 | 2026-05-14->2026-05-21: Δ45 / 7d = 6.429 | 2026-05-21->2026-06-08: Δ203 / 18d = 11.278
berry_master,Berry Master,Progressive,15000,7378,9170,11128,11754,14400,15010,15015,15019,15019,15019,0.000,49.023,17.158,recent*0.65 + historical*0.35,completed,2026-04-01,2026-06-08,0,8,2026-01-15->2026-02-05: Δ1792 / 21d = 85.333 | 2026-02-05->2026-03-08: Δ1958 / 31d = 63.161 | 2026-03-08->2026-03-17: Δ626 / 9d = 69.556 | 2026-03-17->2026-04-16: Δ2646 / 30d = 88.200 | 2026-04-16->2026-05-03: Δ610 / 17d = 35.882 | 2026-05-03->2026-05-14: Δ5 / 11d = 0.455 | 2026-05-14->2026-05-21: Δ4 / 7d = 0.571 | 2026-05-21->2026-06-08: Δ0 / 18d = 0.000
hoenn,Hoenn,Pokedex,135,118,121,122,122,124,125,126,126,127,127,0.056,0.056,0.056,recent*0.65 + historical*0.35,manual,2026-09-01,2026-09-01,85,8,2026-01-15->2026-02-05: Δ3 / 21d = 0.143 | 2026-02-05->2026-03-08: Δ1 / 31d = 0.032 | 2026-03-08->2026-03-17: Δ0 / 9d = 0.000 | 2026-03-17->2026-04-16: Δ2 / 30d = 0.067 | 2026-04-16->2026-05-03: Δ1 / 17d = 0.059 | 2026-05-03->2026-05-14: Δ1 / 11d = 0.091 | 2026-05-14->2026-05-21: Δ0 / 7d = 0.000 | 2026-05-21->2026-06-08: Δ1 / 18d = 0.056
pokemon_ranger,Pokémon Ranger,Progressive,2500,882,999,1117,1158,1313,1390,1430,1461,1555,1555,5.222,4.528,4.979,recent*0.65 + historical*0.35,rate,2027-03-01,2026-12-15,190,8,2026-01-15->2026-02-05: Δ117 / 21d = 5.571 | 2026-02-05->2026-03-08: Δ118 / 31d = 3.806 | 2026-03-08->2026-03-17: Δ41 / 9d = 4.556 | 2026-03-17->2026-04-16: Δ155 / 30d = 5.167 | 2026-04-16->2026-05-03: Δ77 / 17d = 4.529 | 2026-05-03->2026-05-14: Δ40 / 11d = 3.636 | 2026-05-14->2026-05-21: Δ31 / 7d = 4.429 | 2026-05-21->2026-06-08: Δ94 / 18d = 5.222
pilot,Pilot,Progressive,10000000,1112321,1453722,1672640,1755463,1910542,1975941,2024473,2052513,3591380,3591380,85492.611,7136.519,58067.979,recent*0.65 + historical*0.35,rate,2028-08-01,2026-09-26,110,8,2026-01-15->2026-02-05: Δ341401 / 21d = 16257.190 | 2026-02-05->2026-03-08: Δ218918 / 31d = 7061.871 | 2026-03-08->2026-03-17: Δ82823 / 9d = 9202.556 | 2026-03-17->2026-04-16: Δ155079 / 30d = 5169.300 | 2026-04-16->2026-05-03: Δ65399 / 17d = 3847.000 | 2026-05-03->2026-05-14: Δ48532 / 11d = 4412.000 | 2026-05-14->2026-05-21: Δ28040 / 7d = 4005.714 | 2026-05-21->2026-06-08: Δ1538867 / 18d = 85492.611
unova,Unova,Pokedex,156,120,124,128,130,132,137,138,138,138,138,0.000,0.142,0.050,recent*0.65 + historical*0.35,manual,2027-01-01,2027-01-01,207,8,2026-01-15->2026-02-05: Δ4 / 21d = 0.190 | 2026-02-05->2026-03-08: Δ4 / 31d = 0.129 | 2026-03-08->2026-03-17: Δ2 / 9d = 0.222 | 2026-03-17->2026-04-16: Δ2 / 30d = 0.067 | 2026-04-16->2026-05-03: Δ5 / 17d = 0.294 | 2026-05-03->2026-05-14: Δ1 / 11d = 0.091 | 2026-05-14->2026-05-21: Δ0 / 7d = 0.000 | 2026-05-21->2026-06-08: Δ0 / 18d = 0.000
alola,Alola,Pokedex,86,46,49,54,56,60,63,63,63,63,63,0.000,0.119,0.042,recent*0.65 + historical*0.35,manual,2027-06-01,2027-06-01,358,8,2026-01-15->2026-02-05: Δ3 / 21d = 0.143 | 2026-02-05->2026-03-08: Δ5 / 31d = 0.161 | 2026-03-08->2026-03-17: Δ2 / 9d = 0.222 | 2026-03-17->2026-04-16: Δ4 / 30d = 0.133 | 2026-04-16->2026-05-03: Δ3 / 17d = 0.176 | 2026-05-03->2026-05-14: Δ0 / 11d = 0.000 | 2026-05-14->2026-05-21: Δ0 / 7d = 0.000 | 2026-05-21->2026-06-08: Δ0 / 18d = 0.000
galar,Galar,Pokedex,89,50,50,50,51,53,54,55,55,56,56,0.056,0.047,0.052,recent*0.65 + historical*0.35,manual,2028-05-01,2028-05-01,693,8,2026-01-15->2026-02-05: Δ0 / 21d = 0.000 | 2026-02-05->2026-03-08: Δ0 / 31d = 0.000 | 2026-03-08->2026-03-17: Δ1 / 9d = 0.111 | 2026-03-17->2026-04-16: Δ2 / 30d = 0.067 | 2026-04-16->2026-05-03: Δ1 / 17d = 0.059 | 2026-05-03->2026-05-14: Δ1 / 11d = 0.091 | 2026-05-14->2026-05-21: Δ0 / 7d = 0.000 | 2026-05-21->2026-06-08: Δ1 / 18d = 0.056
mega_evo_guru,Mega Evolution Guru,Standard,46,33,33,36,36,46,47,48,48,50,50,0.111,0.083,0.101,recent*0.65 + historical*0.35,completed,2026-06-01,2026-06-08,0,8,2026-01-15->2026-02-05: Δ0 / 21d = 0.000 | 2026-02-05->2026-03-08: Δ3 / 31d = 0.097 | 2026-03-08->2026-03-17: Δ0 / 9d = 0.000 | 2026-03-17->2026-04-16: Δ10 / 30d = 0.333 | 2026-04-16->2026-05-03: Δ1 / 17d = 0.059 | 2026-05-03->2026-05-14: Δ1 / 11d = 0.091 | 2026-05-14->2026-05-21: Δ0 / 7d = 0.000 | 2026-05-21->2026-06-08: Δ2 / 18d = 0.111
raid_expert,Raid Expert,Progressive,500,257,266,319,325,347,360,367,374,399,399,1.389,0.848,1.200,recent*0.65 + historical*0.35,rate,2026-08-01,2026-08-31,84,8,2026-01-15->2026-02-05: Δ9 / 21d = 0.429 | 2026-02-05->2026-03-08: Δ53 / 31d = 1.710 | 2026-03-08->2026-03-17: Δ6 / 9d = 0.667 | 2026-03-17->2026-04-16: Δ22 / 30d = 0.733 | 2026-04-16->2026-05-03: Δ13 / 17d = 0.765 | 2026-05-03->2026-05-14: Δ7 / 11d = 0.636 | 2026-05-14->2026-05-21: Δ7 / 7d = 1.000 | 2026-05-21->2026-06-08: Δ25 / 18d = 1.389
tiny_collector,Tiny Pokémon Collector,Progressive,500,92,146,205,220,256,293,302,305,381,381,4.222,1.538,3.283,recent*0.65 + historical*0.35,rate,2026-11-01,2026-07-14,36,8,2026-01-15->2026-02-05: Δ54 / 21d = 2.571 | 2026-02-05->2026-03-08: Δ59 / 31d = 1.903 | 2026-03-08->2026-03-17: Δ15 / 9d = 1.667 | 2026-03-17->2026-04-16: Δ36 / 30d = 1.200 | 2026-04-16->2026-05-03: Δ37 / 17d = 2.176 | 2026-05-03->2026-05-14: Δ9 / 11d = 0.818 | 2026-05-14->2026-05-21: Δ3 / 7d = 0.429 | 2026-05-21->2026-06-08: Δ76 / 18d = 4.222
jumbo_collector,Jumbo Pokémon Collector,Progressive,500,293,316,346,350,371,387,389,393,467,467,4.111,0.700,2.917,recent*0.65 + historical*0.35,rate,2026-05-01,2026-06-19,11,8,2026-01-15->2026-02-05: Δ23 / 21d = 1.095 | 2026-02-05->2026-03-08: Δ30 / 31d = 0.968 | 2026-03-08->2026-03-17: Δ4 / 9d = 0.444 | 2026-03-17->2026-04-16: Δ21 / 30d = 0.700 | 2026-04-16->2026-05-03: Δ16 / 17d = 0.941 | 2026-05-03->2026-05-14: Δ2 / 11d = 0.182 | 2026-05-14->2026-05-21: Δ4 / 7d = 0.571 | 2026-05-21->2026-06-08: Δ74 / 18d = 4.111
fisher,Fisher,Progressive,1000,57,67,86,86,90,90,91,91,94,94,0.167,0.188,0.174,recent*0.65 + historical*0.35,rate,2034-08-01,2040-09-09,5207,8,2026-01-15->2026-02-05: Δ10 / 21d = 0.476 | 2026-02-05->2026-03-08: Δ19 / 31d = 0.613 | 2026-03-08->2026-03-17: Δ0 / 9d = 0.000 | 2026-03-17->2026-04-16: Δ4 / 30d = 0.133 | 2026-04-16->2026-05-03: Δ0 / 17d = 0.000 | 2026-05-03->2026-05-14: Δ1 / 11d = 0.091 | 2026-05-14->2026-05-21: Δ0 / 7d = 0.000 | 2026-05-21->2026-06-08: Δ3 / 18d = 0.167
youngster,Youngster,Progressive,1000,66,84,100,103,116,124,131,134,140,140,0.333,0.525,0.400,recent*0.65 + historical*0.35,rate,2032-01-01,2032-04-25,2148,8,2026-01-15->2026-02-05: Δ18 / 21d = 0.857 | 2026-02-05->2026-03-08: Δ16 / 31d = 0.516 | 2026-03-08->2026-03-17: Δ3 / 9d = 0.333 | 2026-03-17->2026-04-16: Δ13 / 30d = 0.433 | 2026-04-16->2026-05-03: Δ8 / 17d = 0.471 | 2026-05-03->2026-05-14: Δ7 / 11d = 0.636 | 2026-05-14->2026-05-21: Δ3 / 7d = 0.429 | 2026-05-21->2026-06-08: Δ6 / 18d = 0.333
pikachu_fan,Pikachu Fan,Progressive,1000,195,225,254,300,348,348,348,351,351,351,0.000,1.358,0.475,recent*0.65 + historical*0.35,rate,2027-05-01,2030-03-05,1366,8,2026-01-15->2026-02-05: Δ30 / 21d = 1.429 | 2026-02-05->2026-03-08: Δ29 / 31d = 0.935 | 2026-03-08->2026-03-17: Δ46 / 9d = 5.111 | 2026-03-17->2026-04-16: Δ48 / 30d = 1.600 | 2026-04-16->2026-05-03: Δ0 / 17d = 0.000 | 2026-05-03->2026-05-14: Δ0 / 11d = 0.000 | 2026-05-14->2026-05-21: Δ3 / 7d = 0.429 | 2026-05-21->2026-06-08: Δ0 / 18d = 0.000
unown,Unown,Progressive,28,6,6,11,11,11,11,11,11,11,11,0.000,0.023,0.008,recent*0.65 + historical*0.35,rate,2027-04-01,2032-03-16,2108,8,2026-01-15->2026-02-05: Δ0 / 21d = 0.000 | 2026-02-05->2026-03-08: Δ5 / 31d = 0.161 | 2026-03-08->2026-03-17: Δ0 / 9d = 0.000 | 2026-03-17->2026-04-16: Δ0 / 30d = 0.000 | 2026-04-16->2026-05-03: Δ0 / 17d = 0.000 | 2026-05-03->2026-05-14: Δ0 / 11d = 0.000 | 2026-05-14->2026-05-21: Δ0 / 7d = 0.000 | 2026-05-21->2026-06-08: Δ0 / 18d = 0.000
champion,Champion,Progressive,2000,147,151,165,168,183,192,196,199,210,210,0.611,0.400,0.537,recent*0.65 + historical*0.35,rate,2038-02-01,2035-07-24,3333,8,2026-01-15->2026-02-05: Δ4 / 21d = 0.190 | 2026-02-05->2026-03-08: Δ14 / 31d = 0.452 | 2026-03-08->2026-03-17: Δ3 / 9d = 0.333 | 2026-03-17->2026-04-16: Δ15 / 30d = 0.500 | 2026-04-16->2026-05-03: Δ9 / 17d = 0.529 | 2026-05-03->2026-05-14: Δ4 / 11d = 0.364 | 2026-05-14->2026-05-21: Δ3 / 7d = 0.429 | 2026-05-21->2026-06-08: Δ11 / 18d = 0.611
battle_legend,Battle Legend,Progressive,2000,110,115,154,157,164,168,171,175,189,189,0.778,0.449,0.663,recent*0.65 + historical*0.35,rate,2034-02-01,2033-12-01,2733,8,2026-01-15->2026-02-05: Δ5 / 21d = 0.238 | 2026-02-05->2026-03-08: Δ39 / 31d = 1.258 | 2026-03-08->2026-03-17: Δ3 / 9d = 0.333 | 2026-03-17->2026-04-16: Δ7 / 30d = 0.233 | 2026-04-16->2026-05-03: Δ4 / 17d = 0.235 | 2026-05-03->2026-05-14: Δ3 / 11d = 0.273 | 2026-05-14->2026-05-21: Δ4 / 7d = 0.571 | 2026-05-21->2026-06-08: Δ14 / 18d = 0.778
gentleman,Gentleman,Progressive,2500,569,643,673,685,711,716,721,723,1117,1117,21.889,1.104,14.614,recent*0.65 + historical*0.35,rate,2029-08-01,2026-09-11,95,8,2026-01-15->2026-02-05: Δ74 / 21d = 3.524 | 2026-02-05->2026-03-08: Δ30 / 31d = 0.968 | 2026-03-08->2026-03-17: Δ12 / 9d = 1.333 | 2026-03-17->2026-04-16: Δ26 / 30d = 0.867 | 2026-04-16->2026-05-03: Δ5 / 17d = 0.294 | 2026-05-03->2026-05-14: Δ5 / 11d = 0.455 | 2026-05-14->2026-05-21: Δ2 / 7d = 0.286 | 2026-05-21->2026-06-08: Δ394 / 18d = 21.889
sinnoh,Sinnoh,Pokedex,107,77,77,78,79,86,88,88,89,91,91,0.111,0.091,0.104,recent*0.65 + historical*0.35,manual,2027-03-01,2027-03-01,266,8,2026-01-15->2026-02-05: Δ0 / 21d = 0.000 | 2026-02-05->2026-03-08: Δ1 / 31d = 0.032 | 2026-03-08->2026-03-17: Δ1 / 9d = 0.111 | 2026-03-17->2026-04-16: Δ7 / 30d = 0.233 | 2026-04-16->2026-05-03: Δ2 / 17d = 0.118 | 2026-05-03->2026-05-14: Δ0 / 11d = 0.000 | 2026-05-14->2026-05-21: Δ1 / 7d = 0.143 | 2026-05-21->2026-06-08: Δ2 / 18d = 0.111
cameraman,Cameraman,Progressive,400,93,105,114,118,126,132,135,136,141,141,0.278,0.334,0.298,recent*0.65 + historical*0.35,rate,2028-06-01,2028-10-25,870,8,2026-01-15->2026-02-05: Δ12 / 21d = 0.571 | 2026-02-05->2026-03-08: Δ9 / 31d = 0.290 | 2026-03-08->2026-03-17: Δ4 / 9d = 0.444 | 2026-03-17->2026-04-16: Δ8 / 30d = 0.267 | 2026-04-16->2026-05-03: Δ6 / 17d = 0.353 | 2026-05-03->2026-05-14: Δ3 / 11d = 0.273 | 2026-05-14->2026-05-21: Δ1 / 7d = 0.143 | 2026-05-21->2026-06-08: Δ5 / 18d = 0.278
purifier,Purifier,Progressive,1000,71,152,203,221,259,336,357,376,454,454,4.333,2.560,3.713,recent*0.65 + historical*0.35,rate,2027-01-01,2026-11-02,147,8,2026-01-15->2026-02-05: Δ81 / 21d = 3.857 | 2026-02-05->2026-03-08: Δ51 / 31d = 1.645 | 2026-03-08->2026-03-17: Δ18 / 9d = 2.000 | 2026-03-17->2026-04-16: Δ38 / 30d = 1.267 | 2026-04-16->2026-05-03: Δ77 / 17d = 4.529 | 2026-05-03->2026-05-14: Δ21 / 11d = 1.909 | 2026-05-14->2026-05-21: Δ19 / 7d = 2.714 | 2026-05-21->2026-06-08: Δ78 / 18d = 4.333
hero,Hero,Progressive,2000,373,444,498,521,600,666,690,717,806,806,4.944,2.890,4.226,recent*0.65 + historical*0.35,rate,2027-11-01,2027-03-18,283,8,2026-01-15->2026-02-05: Δ71 / 21d = 3.381 | 2026-02-05->2026-03-08: Δ54 / 31d = 1.742 | 2026-03-08->2026-03-17: Δ23 / 9d = 2.556 | 2026-03-17->2026-04-16: Δ79 / 30d = 2.633 | 2026-04-16->2026-05-03: Δ66 / 17d = 3.882 | 2026-05-03->2026-05-14: Δ24 / 11d = 2.182 | 2026-05-14->2026-05-21: Δ27 / 7d = 3.857 | 2026-05-21->2026-06-08: Δ89 / 18d = 4.944
rising_star_duo,Rising Star Duo,Progressive,2000,240,249,301,307,328,341,348,355,378,378,1.278,0.839,1.124,recent*0.65 + historical*0.35,rate,2030-08-01,2030-05-21,1443,8,2026-01-15->2026-02-05: Δ9 / 21d = 0.429 | 2026-02-05->2026-03-08: Δ52 / 31d = 1.677 | 2026-03-08->2026-03-17: Δ6 / 9d = 0.667 | 2026-03-17->2026-04-16: Δ21 / 30d = 0.700 | 2026-04-16->2026-05-03: Δ13 / 17d = 0.765 | 2026-05-03->2026-05-14: Δ7 / 11d = 0.636 | 2026-05-14->2026-05-21: Δ7 / 7d = 1.000 | 2026-05-21->2026-06-08: Δ23 / 18d = 1.278
picnicker,Picnicker,Progressive,2500,107,107,166,180,222,222,222,222,229,229,0.389,0.694,0.496,recent*0.65 + historical*0.35,rate,2035-05-01,2038-12-23,4581,8,2026-01-15->2026-02-05: Δ0 / 21d = 0.000 | 2026-02-05->2026-03-08: Δ59 / 31d = 1.903 | 2026-03-08->2026-03-17: Δ14 / 9d = 1.556 | 2026-03-17->2026-04-16: Δ42 / 30d = 1.400 | 2026-04-16->2026-05-03: Δ0 / 17d = 0.000 | 2026-05-03->2026-05-14: Δ0 / 11d = 0.000 | 2026-05-14->2026-05-21: Δ0 / 7d = 0.000 | 2026-05-21->2026-06-08: Δ7 / 18d = 0.389
successor,Successor,Progressive,1000,312,376,438,475,578,641,650,707,788,788,4.500,3.608,4.188,recent*0.65 + historical*0.35,rate,2026-10-01,2026-07-29,51,8,2026-01-15->2026-02-05: Δ64 / 21d = 3.048 | 2026-02-05->2026-03-08: Δ62 / 31d = 2.000 | 2026-03-08->2026-03-17: Δ37 / 9d = 4.111 | 2026-03-17->2026-04-16: Δ103 / 30d = 3.433 | 2026-04-16->2026-05-03: Δ63 / 17d = 3.706 | 2026-05-03->2026-05-14: Δ9 / 11d = 0.818 | 2026-05-14->2026-05-21: Δ57 / 7d = 8.143 | 2026-05-21->2026-06-08: Δ81 / 18d = 4.500
hisui,Hisui,Pokedex,7,3,3,4,4,4,4,4,4,4,4,0.000,0.005,0.002,recent*0.65 + historical*0.35,manual,2028-02-01,2028-02-01,603,8,2026-01-15->2026-02-05: Δ0 / 21d = 0.000 | 2026-02-05->2026-03-08: Δ1 / 31d = 0.032 | 2026-03-08->2026-03-17: Δ0 / 9d = 0.000 | 2026-03-17->2026-04-16: Δ0 / 30d = 0.000 | 2026-04-16->2026-05-03: Δ0 / 17d = 0.000 | 2026-05-03->2026-05-14: Δ0 / 11d = 0.000 | 2026-05-14->2026-05-21: Δ0 / 7d = 0.000 | 2026-05-21->2026-06-08: Δ0 / 18d = 0.000
paldea,Paldea,Pokedex,103,42,47,47,48,49,54,54,55,56,56,0.056,0.117,0.077,recent*0.65 + historical*0.35,manual,2028-05-01,2028-05-01,693,8,2026-01-15->2026-02-05: Δ5 / 21d = 0.238 | 2026-02-05->2026-03-08: Δ0 / 31d = 0.000 | 2026-03-08->2026-03-17: Δ1 / 9d = 0.111 | 2026-03-17->2026-04-16: Δ1 / 30d = 0.033 | 2026-04-16->2026-05-03: Δ5 / 17d = 0.294 | 2026-05-03->2026-05-14: Δ0 / 11d = 0.000 | 2026-05-14->2026-05-21: Δ1 / 7d = 0.143 | 2026-05-21->2026-06-08: Δ1 / 18d = 0.056
great_league,Great League Veteran,Optional,1000,48,48,48,48,48,48,48,48,48,48,0.000,0.000,0.000,recent*0.65 + historical*0.35,manual,2058-11-01,2058-11-01,11834,8,2026-01-15->2026-02-05: Δ0 / 21d = 0.000 | 2026-02-05->2026-03-08: Δ0 / 31d = 0.000 | 2026-03-08->2026-03-17: Δ0 / 9d = 0.000 | 2026-03-17->2026-04-16: Δ0 / 30d = 0.000 | 2026-04-16->2026-05-03: Δ0 / 17d = 0.000 | 2026-05-03->2026-05-14: Δ0 / 11d = 0.000 | 2026-05-14->2026-05-21: Δ0 / 7d = 0.000 | 2026-05-21->2026-06-08: Δ0 / 18d = 0.000
master_league,Master League Veteran,Optional,1000,5,5,5,5,5,5,5,5,5,5,0.000,0.000,0.000,recent*0.65 + historical*0.35,manual,2101-05-01,2099-12-31,26869,8,2026-01-15->2026-02-05: Δ0 / 21d = 0.000 | 2026-02-05->2026-03-08: Δ0 / 31d = 0.000 | 2026-03-08->2026-03-17: Δ0 / 9d = 0.000 | 2026-03-17->2026-04-16: Δ0 / 30d = 0.000 | 2026-04-16->2026-05-03: Δ0 / 17d = 0.000 | 2026-05-03->2026-05-14: Δ0 / 11d = 0.000 | 2026-05-14->2026-05-21: Δ0 / 7d = 0.000 | 2026-05-21->2026-06-08: Δ0 / 18d = 0.000
ultra_hero,Ultra Hero,Progressive,50,3,3,3,3,3,4,4,4,4,4,0.000,0.008,0.003,recent*0.65 + historical*0.35,rate,2043-12-01,2069-04-03,15640,8,2026-01-15->2026-02-05: Δ0 / 21d = 0.000 | 2026-02-05->2026-03-08: Δ0 / 31d = 0.000 | 2026-03-08->2026-03-17: Δ0 / 9d = 0.000 | 2026-03-17->2026-04-16: Δ0 / 30d = 0.000 | 2026-04-16->2026-05-03: Δ1 / 17d = 0.059 | 2026-05-03->2026-05-14: Δ0 / 11d = 0.000 | 2026-05-14->2026-05-21: Δ0 / 7d = 0.000 | 2026-05-21->2026-06-08: Δ0 / 18d = 0.000
best_buddy,Best Buddy,Progressive,200,4,4,5,5,5,5,5,5,5,5,0.000,0.005,0.002,recent*0.65 + historical*0.35,capped-2099,2063-01-01,2099-12-31,26869,8,2026-01-15->2026-02-05: Δ0 / 21d = 0.000 | 2026-02-05->2026-03-08: Δ1 / 31d = 0.032 | 2026-03-08->2026-03-17: Δ0 / 9d = 0.000 | 2026-03-17->2026-04-16: Δ0 / 30d = 0.000 | 2026-04-16->2026-05-03: Δ0 / 17d = 0.000 | 2026-05-03->2026-05-14: Δ0 / 11d = 0.000 | 2026-05-14->2026-05-21: Δ0 / 7d = 0.000 | 2026-05-21->2026-06-08: Δ0 / 18d = 0.000
friend_finder,Friend Finder,Impossible,50,1,1,1,1,1,1,1,1,1,1,0.000,0.000,0.000,recent*0.65 + historical*0.35,fallback-2099,2099-12-31,2099-12-31,26869,8,2026-01-15->2026-02-05: Δ0 / 21d = 0.000 | 2026-02-05->2026-03-08: Δ0 / 31d = 0.000 | 2026-03-08->2026-03-17: Δ0 / 9d = 0.000 | 2026-03-17->2026-04-16: Δ0 / 30d = 0.000 | 2026-04-16->2026-05-03: Δ0 / 17d = 0.000 | 2026-05-03->2026-05-14: Δ0 / 11d = 0.000 | 2026-05-14->2026-05-21: Δ0 / 7d = 0.000 | 2026-05-21->2026-06-08: Δ0 / 18d = 0.000
showcase_star,Showcase Star,Impossible,100,6,7,7,8,10,13,16,16,19,19,0.167,0.096,0.142,recent*0.65 + historical*0.35,rate,2099-12-31,2027-12-30,570,8,2026-01-15->2026-02-05: Δ1 / 21d = 0.048 | 2026-02-05->2026-03-08: Δ0 / 31d = 0.000 | 2026-03-08->2026-03-17: Δ1 / 9d = 0.111 | 2026-03-17->2026-04-16: Δ2 / 30d = 0.067 | 2026-04-16->2026-05-03: Δ3 / 17d = 0.176 | 2026-05-03->2026-05-14: Δ3 / 11d = 0.273 | 2026-05-14->2026-05-21: Δ0 / 7d = 0.000 | 2026-05-21->2026-06-08: Δ3 / 18d = 0.167
ace_trainer,Ace Trainer,Impossible,2000,5,6,6,10,11,11,11,11,12,12,0.056,0.075,0.062,recent*0.65 + historical*0.35,capped-2099,2099-12-31,2099-12-31,26869,8,2026-01-15->2026-02-05: Δ1 / 21d = 0.048 | 2026-02-05->2026-03-08: Δ0 / 31d = 0.000 | 2026-03-08->2026-03-17: Δ4 / 9d = 0.444 | 2026-03-17->2026-04-16: Δ1 / 30d = 0.033 | 2026-04-16->2026-05-03: Δ0 / 17d = 0.000 | 2026-05-03->2026-05-14: Δ0 / 11d = 0.000 | 2026-05-14->2026-05-21: Δ0 / 7d = 0.000 | 2026-05-21->2026-06-08: Δ1 / 18d = 0.056
ultra_league,Ultra League Veteran,Impossible,1000,0,0,0,0,0,0,0,0,0,0,0.000,0.000,0.000,recent*0.65 + historical*0.35,fallback-2099,2099-12-31,2099-12-31,26869,8,2026-01-15->2026-02-05: Δ0 / 21d = 0.000 | 2026-02-05->2026-03-08: Δ0 / 31d = 0.000 | 2026-03-08->2026-03-17: Δ0 / 9d = 0.000 | 2026-03-17->2026-04-16: Δ0 / 30d = 0.000 | 2026-04-16->2026-05-03: Δ0 / 17d = 0.000 | 2026-05-03->2026-05-14: Δ0 / 11d = 0.000 | 2026-05-14->2026-05-21: Δ0 / 7d = 0.000 | 2026-05-21->2026-06-08: Δ0 / 18d = 0.000
wayfarer,Wayfarer,Impossible,1500,0,0,0,0,0,0,0,0,0,0,0.000,0.000,0.000,recent*0.65 + historical*0.35,fallback-2099,2099-12-31,2099-12-31,26869,8,2026-01-15->2026-02-05: Δ0 / 21d = 0.000 | 2026-02-05->2026-03-08: Δ0 / 31d = 0.000 | 2026-03-08->2026-03-17: Δ0 / 9d = 0.000 | 2026-03-17->2026-04-16: Δ0 / 30d = 0.000 | 2026-04-16->2026-05-03: Δ0 / 17d = 0.000 | 2026-05-03->2026-05-14: Δ0 / 11d = 0.000 | 2026-05-14->2026-05-21: Δ0 / 7d = 0.000 | 2026-05-21->2026-06-08: Δ0 / 18d = 0.000
community_member,Community Member,Impossible,100,0,0,0,0,0,0,0,0,0,0,0.000,0.000,0.000,recent*0.65 + historical*0.35,fallback-2099,2099-12-31,2099-12-31,26869,8,2026-01-15->2026-02-05: Δ0 / 21d = 0.000 | 2026-02-05->2026-03-08: Δ0 / 31d = 0.000 | 2026-03-08->2026-03-17: Δ0 / 9d = 0.000 | 2026-03-17->2026-04-16: Δ0 / 30d = 0.000 | 2026-04-16->2026-05-03: Δ0 / 17d = 0.000 | 2026-05-03->2026-05-14: Δ0 / 11d = 0.000 | 2026-05-14->2026-05-21: Δ0 / 7d = 0.000 | 2026-05-21->2026-06-08: Δ0 / 18d = 0.000
schoolkid,Schoolkid,Catch,2500,4231,4965,6019,6256,7295,7819,8202,8452,9071,9071,34.389,33.039,33.917,recent*0.65 + historical*0.35,completed,2025-10-01,2026-06-08,0,8,2026-01-15->2026-02-05: Δ734 / 21d = 34.952 | 2026-02-05->2026-03-08: Δ1054 / 31d = 34.000 | 2026-03-08->2026-03-17: Δ237 / 9d = 26.333 | 2026-03-17->2026-04-16: Δ1039 / 30d = 34.633 | 2026-04-16->2026-05-03: Δ524 / 17d = 30.824 | 2026-05-03->2026-05-14: Δ383 / 11d = 34.818 | 2026-05-14->2026-05-21: Δ250 / 7d = 35.714 | 2026-05-21->2026-06-08: Δ619 / 18d = 34.389
bird_keeper,Bird Keeper,Catch,2500,2378,2827,3356,3504,4070,4410,4633,4788,5230,5230,24.556,19.453,22.770,recent*0.65 + historical*0.35,completed,2026-01-01,2026-06-08,0,8,2026-01-15->2026-02-05: Δ449 / 21d = 21.381 | 2026-02-05->2026-03-08: Δ529 / 31d = 17.065 | 2026-03-08->2026-03-17: Δ148 / 9d = 16.444 | 2026-03-17->2026-04-16: Δ566 / 30d = 18.867 | 2026-04-16->2026-05-03: Δ340 / 17d = 20.000 | 2026-05-03->2026-05-14: Δ223 / 11d = 20.273 | 2026-05-14->2026-05-21: Δ155 / 7d = 22.143 | 2026-05-21->2026-06-08: Δ442 / 18d = 24.556
bug_catcher,Bug Catcher,Catch,2500,1978,2252,2908,3067,4246,4634,4801,4943,5279,5279,18.667,21.352,19.607,recent*0.65 + historical*0.35,completed,2026-02-01,2026-06-08,0,8,2026-01-15->2026-02-05: Δ274 / 21d = 13.048 | 2026-02-05->2026-03-08: Δ656 / 31d = 21.161 | 2026-03-08->2026-03-17: Δ159 / 9d = 17.667 | 2026-03-17->2026-04-16: Δ1179 / 30d = 39.300 | 2026-04-16->2026-05-03: Δ388 / 17d = 22.824 | 2026-05-03->2026-05-14: Δ167 / 11d = 15.182 | 2026-05-14->2026-05-21: Δ142 / 7d = 20.286 | 2026-05-21->2026-06-08: Δ336 / 18d = 18.667
swimmer,Swimmer,Catch,2500,2702,3069,3598,3762,4212,4479,4612,4673,5395,5395,40.111,14.896,31.286,recent*0.65 + historical*0.35,completed,2025-12-01,2026-06-08,0,8,2026-01-15->2026-02-05: Δ367 / 21d = 17.476 | 2026-02-05->2026-03-08: Δ529 / 31d = 17.065 | 2026-03-08->2026-03-17: Δ164 / 9d = 18.222 | 2026-03-17->2026-04-16: Δ450 / 30d = 15.000 | 2026-04-16->2026-05-03: Δ267 / 17d = 15.706 | 2026-05-03->2026-05-14: Δ133 / 11d = 12.091 | 2026-05-14->2026-05-21: Δ61 / 7d = 8.714 | 2026-05-21->2026-06-08: Δ722 / 18d = 40.111
gardener,Gardener,Catch,2500,1893,2167,2545,2629,3118,3496,3620,3717,4037,4037,17.778,14.034,16.468,recent*0.65 + historical*0.35,completed,2026-03-01,2026-06-08,0,8,2026-01-15->2026-02-05: Δ274 / 21d = 13.048 | 2026-02-05->2026-03-08: Δ378 / 31d = 12.194 | 2026-03-08->2026-03-17: Δ84 / 9d = 9.333 | 2026-03-17->2026-04-16: Δ489 / 30d = 16.300 | 2026-04-16->2026-05-03: Δ378 / 17d = 22.235 | 2026-05-03->2026-05-14: Δ124 / 11d = 11.273 | 2026-05-14->2026-05-21: Δ97 / 7d = 13.857 | 2026-05-21->2026-06-08: Δ320 / 18d = 17.778
black_belt,Black Belt,Catch,2500,1499,1719,1890,1958,2148,2241,2304,2363,2455,2455,5.111,7.073,5.798,recent*0.65 + historical*0.35,rate,2026-05-01,2026-06-16,8,8,2026-01-15->2026-02-05: Δ220 / 21d = 10.476 | 2026-02-05->2026-03-08: Δ171 / 31d = 5.516 | 2026-03-08->2026-03-17: Δ68 / 9d = 7.556 | 2026-03-17->2026-04-16: Δ190 / 30d = 6.333 | 2026-04-16->2026-05-03: Δ93 / 17d = 5.471 | 2026-05-03->2026-05-14: Δ63 / 11d = 5.727 | 2026-05-14->2026-05-21: Δ59 / 7d = 8.429 | 2026-05-21->2026-06-08: Δ92 / 18d = 5.111
punk_girl,Punk Girl,Catch,2500,1720,1973,2437,2543,2984,3192,3326,3420,3693,3693,15.167,13.048,14.425,recent*0.65 + historical*0.35,completed,2026-03-01,2026-06-08,0,8,2026-01-15->2026-02-05: Δ253 / 21d = 12.048 | 2026-02-05->2026-03-08: Δ464 / 31d = 14.968 | 2026-03-08->2026-03-17: Δ106 / 9d = 11.778 | 2026-03-17->2026-04-16: Δ441 / 30d = 14.700 | 2026-04-16->2026-05-03: Δ208 / 17d = 12.235 | 2026-05-03->2026-05-14: Δ134 / 11d = 12.182 | 2026-05-14->2026-05-21: Δ94 / 7d = 13.429 | 2026-05-21->2026-06-08: Δ273 / 18d = 15.167
ruin_maniac,Ruin Maniac,Catch,2500,1221,1399,1603,1737,1970,2149,2260,2335,2555,2555,12.222,9.864,11.397,recent*0.65 + historical*0.35,completed,2026-07-01,2026-06-08,0,8,2026-01-15->2026-02-05: Δ178 / 21d = 8.476 | 2026-02-05->2026-03-08: Δ204 / 31d = 6.581 | 2026-03-08->2026-03-17: Δ134 / 9d = 14.889 | 2026-03-17->2026-04-16: Δ233 / 30d = 7.767 | 2026-04-16->2026-05-03: Δ179 / 17d = 10.529 | 2026-05-03->2026-05-14: Δ111 / 11d = 10.091 | 2026-05-14->2026-05-21: Δ75 / 7d = 10.714 | 2026-05-21->2026-06-08: Δ220 / 18d = 12.222
hiker,Hiker,Catch,2500,1040,1176,1373,1424,1633,1889,1976,2013,2272,2272,14.389,7.674,12.039,recent*0.65 + historical*0.35,rate,2026-10-01,2026-06-27,19,8,2026-01-15->2026-02-05: Δ136 / 21d = 6.476 | 2026-02-05->2026-03-08: Δ197 / 31d = 6.355 | 2026-03-08->2026-03-17: Δ51 / 9d = 5.667 | 2026-03-17->2026-04-16: Δ209 / 30d = 6.967 | 2026-04-16->2026-05-03: Δ256 / 17d = 15.059 | 2026-05-03->2026-05-14: Δ87 / 11d = 7.909 | 2026-05-14->2026-05-21: Δ37 / 7d = 5.286 | 2026-05-21->2026-06-08: Δ259 / 18d = 14.389
hex_maniac,Hex Maniac,Catch,2500,1320,1443,1592,1621,1796,1896,1947,1990,2077,2077,4.833,5.197,4.961,recent*0.65 + historical*0.35,rate,2026-06-01,2026-09-01,85,8,2026-01-15->2026-02-05: Δ123 / 21d = 5.857 | 2026-02-05->2026-03-08: Δ149 / 31d = 4.806 | 2026-03-08->2026-03-17: Δ29 / 9d = 3.222 | 2026-03-17->2026-04-16: Δ175 / 30d = 5.833 | 2026-04-16->2026-05-03: Δ100 / 17d = 5.882 | 2026-05-03->2026-05-14: Δ51 / 11d = 4.636 | 2026-05-14->2026-05-21: Δ43 / 7d = 6.143 | 2026-05-21->2026-06-08: Δ87 / 18d = 4.833
rail_staff,Rail Staff,Catch,2500,1171,1316,1493,1537,1826,2411,2559,2586,2702,2702,6.444,11.266,8.132,recent*0.65 + historical*0.35,completed,2026-08-01,2026-06-08,0,8,2026-01-15->2026-02-05: Δ145 / 21d = 6.905 | 2026-02-05->2026-03-08: Δ177 / 31d = 5.710 | 2026-03-08->2026-03-17: Δ44 / 9d = 4.889 | 2026-03-17->2026-04-16: Δ289 / 30d = 9.633 | 2026-04-16->2026-05-03: Δ585 / 17d = 34.412 | 2026-05-03->2026-05-14: Δ148 / 11d = 13.455 | 2026-05-14->2026-05-21: Δ27 / 7d = 3.857 | 2026-05-21->2026-06-08: Δ116 / 18d = 6.444
kindler,Kindler,Catch,2500,1320,1473,1934,2108,2416,2590,2676,2771,3119,3119,19.333,11.912,16.736,recent*0.65 + historical*0.35,completed,2026-05-01,2026-06-08,0,8,2026-01-15->2026-02-05: Δ153 / 21d = 7.286 | 2026-02-05->2026-03-08: Δ461 / 31d = 14.871 | 2026-03-08->2026-03-17: Δ174 / 9d = 19.333 | 2026-03-17->2026-04-16: Δ308 / 30d = 10.267 | 2026-04-16->2026-05-03: Δ174 / 17d = 10.235 | 2026-05-03->2026-05-14: Δ86 / 11d = 7.818 | 2026-05-14->2026-05-21: Δ95 / 7d = 13.571 | 2026-05-21->2026-06-08: Δ348 / 18d = 19.333
rocker,Rocker,Catch,2500,1532,1894,2222,2336,2981,3188,3300,3377,3564,3564,10.389,13.621,11.520,recent*0.65 + historical*0.35,completed,2026-03-01,2026-06-08,0,8,2026-01-15->2026-02-05: Δ362 / 21d = 17.238 | 2026-02-05->2026-03-08: Δ328 / 31d = 10.581 | 2026-03-08->2026-03-17: Δ114 / 9d = 12.667 | 2026-03-17->2026-04-16: Δ645 / 30d = 21.500 | 2026-04-16->2026-05-03: Δ207 / 17d = 12.176 | 2026-05-03->2026-05-14: Δ112 / 11d = 10.182 | 2026-05-14->2026-05-21: Δ77 / 7d = 11.000 | 2026-05-21->2026-06-08: Δ187 / 18d = 10.389
psychic,Psychic,Catch,2500,1718,1950,2282,2356,2687,2920,3030,3118,3399,3399,15.611,11.041,14.012,recent*0.65 + historical*0.35,completed,2026-04-01,2026-06-08,0,8,2026-01-15->2026-02-05: Δ232 / 21d = 11.048 | 2026-02-05->2026-03-08: Δ332 / 31d = 10.710 | 2026-03-08->2026-03-17: Δ74 / 9d = 8.222 | 2026-03-17->2026-04-16: Δ331 / 30d = 11.033 | 2026-04-16->2026-05-03: Δ233 / 17d = 13.706 | 2026-05-03->2026-05-14: Δ110 / 11d = 10.000 | 2026-05-14->2026-05-21: Δ88 / 7d = 12.571 | 2026-05-21->2026-06-08: Δ281 / 18d = 15.611
skier,Skier,Catch,2500,867,900,948,958,1005,1040,1053,1069,1205,1205,7.556,1.618,5.477,recent*0.65 + historical*0.35,rate,2026-12-01,2027-01-30,236,8,2026-01-15->2026-02-05: Δ33 / 21d = 1.571 | 2026-02-05->2026-03-08: Δ48 / 31d = 1.548 | 2026-03-08->2026-03-17: Δ10 / 9d = 1.111 | 2026-03-17->2026-04-16: Δ47 / 30d = 1.567 | 2026-04-16->2026-05-03: Δ35 / 17d = 2.059 | 2026-05-03->2026-05-14: Δ13 / 11d = 1.182 | 2026-05-14->2026-05-21: Δ16 / 7d = 2.286 | 2026-05-21->2026-06-08: Δ136 / 18d = 7.556
dragon_tamer,Dragon Tamer,Catch,2500,663,684,746,767,792,810,819,870,1030,1030,8.889,2.190,6.544,recent*0.65 + historical*0.35,rate,2029-01-01,2027-01-19,225,8,2026-01-15->2026-02-05: Δ21 / 21d = 1.000 | 2026-02-05->2026-03-08: Δ62 / 31d = 2.000 | 2026-03-08->2026-03-17: Δ21 / 9d = 2.333 | 2026-03-17->2026-04-16: Δ25 / 30d = 0.833 | 2026-04-16->2026-05-03: Δ18 / 17d = 1.059 | 2026-05-03->2026-05-14: Δ9 / 11d = 0.818 | 2026-05-14->2026-05-21: Δ51 / 7d = 7.286 | 2026-05-21->2026-06-08: Δ160 / 18d = 8.889
delinquent,Delinquent,Catch,2500,1560,1729,1905,1973,2205,2360,2445,2539,2905,2905,20.333,8.470,16.181,recent*0.65 + historical*0.35,completed,2026-05-01,2026-06-08,0,8,2026-01-15->2026-02-05: Δ169 / 21d = 8.048 | 2026-02-05->2026-03-08: Δ176 / 31d = 5.677 | 2026-03-08->2026-03-17: Δ68 / 9d = 7.556 | 2026-03-17->2026-04-16: Δ232 / 30d = 7.733 | 2026-04-16->2026-05-03: Δ155 / 17d = 9.118 | 2026-05-03->2026-05-14: Δ85 / 11d = 7.727 | 2026-05-14->2026-05-21: Δ94 / 7d = 13.429 | 2026-05-21->2026-06-08: Δ366 / 18d = 20.333
fairy_tale,Fairy-Tale Girl,Catch,2500,1054,1196,1462,1550,1901,2063,2128,2172,2268,2268,5.333,8.364,6.394,recent*0.65 + historical*0.35,rate,2026-07-01,2026-07-14,36,8,2026-01-15->2026-02-05: Δ142 / 21d = 6.762 | 2026-02-05->2026-03-08: Δ266 / 31d = 8.581 | 2026-03-08->2026-03-17: Δ88 / 9d = 9.778 | 2026-03-17->2026-04-16: Δ351 / 30d = 11.700 | 2026-04-16->2026-05-03: Δ162 / 17d = 9.529 | 2026-05-03->2026-05-14: Δ65 / 11d = 5.909 | 2026-05-14->2026-05-21: Δ44 / 7d = 6.286 | 2026-05-21->2026-06-08: Δ96 / 18d = 5.333
