old_match_key,new_match_key,,,,,,,,,,,,,,,,,,,,,,
2019|Prelim|Manly Sea Eagles|Cronulla Sharks,2019|Qualif Final|Manly Sea Eagles|Cronulla Sharks,,,,,,,,,,,,,,,,,,,,,,
2019|Prelim|Melbourne Storm|Canberra Raiders,2019|Qualif Final|Melbourne Storm|Canberra Raiders,,,,,,,,,,,,,,,,,,,,,,
2019|Prelim|Parramatta Eels|Brisbane Broncos,2019|Qualif Final|Parramatta Eels|Brisbane Broncos,,,,,,,,,,,,,,,,,,,,,,
2019|Prelim|Sydney Roosters|South Sydney Rabbitohs,2019|Qualif Final|Sydney Roosters|South Sydney Rabbitohs,,,,,,,,,,,,,,,,,,,,,,
2019|Qual|Melbourne Storm|Parramatta Eels,2019|Semi Final|Melbourne Storm|Parramatta Eels,,,,,,,,,,,,,,,,,,,,,,
2019|Qual|South Sydney Rabbitohs|Manly Sea Eagles,2019|Semi Final|South Sydney Rabbitohs|Manly Sea Eagles,,,,,,,,,,,,,,,,,,,,,,
2019|Semi|Canberra Raiders|South Sydney Rabbitohs,2019|Prelim Final|Canberra Raiders|South Sydney Rabbitohs,,,,,,,,,,,,,,,,,,,,,,
2019|Semi|Sydney Roosters|Melbourne Storm,2019|Prelim Final|Sydney Roosters|Melbourne Storm,,,,,,,,,,,,,,,,,,,,,,
2020|Prelim|Canberra Raiders|Cronulla Sharks,2020|Qualif Final|Canberra Raiders|Cronulla Sharks,,,,,,,,,,,,,,,,,,,,,,
2020|Prelim|Melbourne Storm|Parramatta Eels,2020|Qualif Final|Melbourne Storm|Parramatta Eels,,,,,,,,,,,,,,,,,,,,,,
2020|Prelim|Penrith Panthers|Sydney Roosters,2020|Qualif Final|Penrith Panthers|Sydney Roosters,,,,,,,,,,,,,,,,,,,,,,
2020|Prelim|South Sydney Rabbitohs|Newcastle Knights,2020|Qualif Final|South Sydney Rabbitohs|Newcastle Knights,,,,,,,,,,,,,,,,,,,,,,
2020|Qual|Parramatta Eels|South Sydney Rabbitohs,2020|Semi Final|Parramatta Eels|South Sydney Rabbitohs,,,,,,,,,,,,,,,,,,,,,,
2020|Qual|Sydney Roosters|Canberra Raiders,2020|Semi Final|Sydney Roosters|Canberra Raiders,,,,,,,,,,,,,,,,,,,,,,
2020|Semi|Melbourne Storm|Canberra Raiders,2020|Prelim Final|Melbourne Storm|Canberra Raiders,,,,,,,,,,,,,,,,,,,,,,
2020|Semi|Penrith Panthers|South Sydney Rabbitohs,2020|Prelim Final|Penrith Panthers|South Sydney Rabbitohs,,,,,,,,,,,,,,,,,,,,,,
2023|GF|Penrith Panthers|Brisbane Broncos,2023|Grand Final|Penrith Panthers|Brisbane Broncos,,,,,,,,,,,,,,,,,,,,,,
2023|Prelim|Brisbane Broncos|Melbourne Storm,2023|Qualif Final|Brisbane Broncos|Melbourne Storm,,,,,,,,,,,,,,,,,,,,,,
2023|Prelim|Cronulla Sharks|Sydney Roosters,2023|Elim Qualif|Cronulla Sharks|Sydney Roosters,,,,,,,,,,,,,,,,,,,,,,
2023|Prelim|Newcastle Knights|Canberra Raiders,2023|Elim Qualif|Newcastle Knights|Canberra Raiders,,,,,,,,,,,,,,,,,,,,,,
2023|Prelim|Penrith Panthers|New Zealand Warriors,2023|Qualif Final|Penrith Panthers|New Zealand Warriors,,,,,,,,,,,,,,,,,,,,,,
2023|Qual|Melbourne Storm|Sydney Roosters,2023|Semi Final|Melbourne Storm|Sydney Roosters,,,,,,,,,,,,,,,,,,,,,,
2023|Qual|New Zealand Warriors|Newcastle Knights,2023|Semi Final|New Zealand Warriors|Newcastle Knights,,,,,,,,,,,,,,,,,,,,,,
2023|Semi|Brisbane Broncos|New Zealand Warriors,2023|Prelim Final|Brisbane Broncos|New Zealand Warriors,,,,,,,,,,,,,,,,,,,,,,
2023|Semi|Penrith Panthers|Melbourne Storm,2023|Prelim Final|Penrith Panthers|Melbourne Storm,,,,,,,,,,,,,,,,,,,,,,
2024|GF|Melbourne Storm|Penrith Panthers,2024|Grand Final|Melbourne Storm|Penrith Panthers,,,,,,,,,,,,,,,,,,,,,,
2024|Prelim|Canterbury Bulldogs|Manly Sea Eagles,2024|Elim Final|Canterbury Bulldogs|Manly Sea Eagles,,,,,,,,,,,,,,,,,,,,,,
2024|Prelim|Melbourne Storm|Cronulla Sharks,2024|Qualif Final|Melbourne Storm|Cronulla Sharks,,,,,,,,,,,,,,,,,,,,,,
2024|Prelim|NQ Cowboys|Newcastle Knights,2024|Elim Final|NQ Cowboys|Newcastle Knights,,,,,,,,,,,,,,,,,,,,,,
2024|Prelim|Penrith Panthers|Sydney Roosters,2024|Qualif Final|Penrith Panthers|Sydney Roosters,,,,,,,,,,,,,,,,,,,,,,
2024|Qual|Cronulla Sharks|NQ Cowboys,2024|Semi Final|Cronulla Sharks|NQ Cowboys,,,,,,,,,,,,,,,,,,,,,,
2024|Qual|Sydney Roosters|Manly Sea Eagles,2024|Semi Final|Sydney Roosters|Manly Sea Eagles,,,,,,,,,,,,,,,,,,,,,,
2024|Semi|Melbourne Storm|Sydney Roosters,2024|Prelim Final|Melbourne Storm|Sydney Roosters,,,,,,,,,,,,,,,,,,,,,,
2024|Semi|Penrith Panthers|Cronulla Sharks,2024|Prelim Final|Penrith Panthers|Cronulla Sharks,,,,,,,,,,,,,,,,,,,,,,
2025|GF|Melbourne Storm|Brisbane Broncos,2025|Grand Final|Melbourne Storm|Brisbane Broncos,,,,,,,,,,,,,,,,,,,,,,
2025|Prelim|Canberra Raiders|Brisbane Broncos,2025|Qualif Final|Canberra Raiders|Brisbane Broncos,,,,,,,,,,,,,,,,,,,,,,
2025|Prelim|Cronulla Sharks|Sydney Roosters,2025|Elim Final|Cronulla Sharks|Sydney Roosters,,,,,,,,,,,,,,,,,,,,,,
2025|Prelim|Melbourne Storm|Canterbury Bulldogs,2025|Qualif Final|Melbourne Storm|Canterbury Bulldogs,,,,,,,,,,,,,,,,,,,,,,
2025|Prelim|New Zealand Warriors|Penrith Panthers,2025|Elim Final|New Zealand Warriors|Penrith Panthers,,,,,,,,,,,,,,,,,,,,,,
2025|Qual|Canberra Raiders|Cronulla Sharks,2025|Semi Final|Canberra Raiders|Cronulla Sharks,,,,,,,,,,,,,,,,,,,,,,
2025|Qual|Canterbury Bulldogs|Penrith Panthers,2025|Semi Final|Canterbury Bulldogs|Penrith Panthers,,,,,,,,,,,,,,,,,,,,,,
2025|Semi|Brisbane Broncos|Penrith Panthers,2025|Prelim Final|Brisbane Broncos|Penrith Panthers,,,,,,,,,,,,,,,,,,,,,,
2025|Semi|Melbourne Storm|Cronulla Sharks,2025|Prelim Final|Melbourne Storm|Cronulla Sharks,,,,,,,,,,,,,,,,,,,,,,
