period,category,current_games,current_correct,current_brier,current_homeWinRateExDraws,current_homeWins,current_awayWins,current_draws,zero_correct,zero_brier,best_hga,best_correct,best_brier
all_1998_2026,all,5820,3739,0.22264205480993893,0.5783090783090783,3338,2434,48,3627,0.2265372837558152,45,3732,0.22256390834655265
all_1998_2026,final_away_primary,6,5,0.2196320702257173,0.6666666666666666,4,2,0,3,0.2335881278485021,80,4,0.21236174946345757
all_1998_2026,final_home_primary,151,100,0.2201982712730702,0.6887417218543046,104,47,0,97,0.23218807154550586,80,106,0.21417147593463096
all_1998_2026,final_neutral_other,70,49,0.20042776871789358,0.7571428571428571,53,17,0,45,0.21785055288395283,80,52,0.18912002652492318
all_1998_2026,final_shared_primary,1,1,0.1367988574030157,1.0,1,0,0,1,0.18057017997166225,80,1,0.10111247545262723
all_1998_2026,grand_final,28,18,0.20172482653575144,0.7857142857142857,22,6,0,18,0.22488580431136215,80,21,0.18488086562202483
all_1998_2026,regular_alternate_or_neutral,794,512,0.22538805971463993,0.5216284987277354,410,376,8,495,0.22457157899976452,15,503,0.22420053764603995
all_1998_2026,regular_away_primary,72,45,0.21896781260944623,0.4507042253521127,32,39,1,47,0.21531581348251713,-5,49,0.2152891600823936
all_1998_2026,regular_home_primary,4607,2942,0.22289957748377207,0.5836252189141856,2666,1902,39,2862,0.22718980196518276,50,2927,0.2227310367729125
all_1998_2026,regular_shared_primary,91,67,0.2172729056104697,0.5054945054945055,46,45,0,59,0.21738640149084945,20,67,0.21658474582152
recent_2009_2026,all,3625,2330,0.22323552914080344,0.5702021600664636,2059,1552,14,2281,0.2262263061962122,40,2330,0.22323552914080344
recent_2009_2026,final_away_primary,4,3,0.21833565107167616,0.5,2,2,0,3,0.21060452244798253,-25,3,0.20939859875092368
recent_2009_2026,final_home_primary,94,63,0.21315330938704602,0.7021276595744681,66,28,0,62,0.2268712493468012,80,68,0.20558506418060907
recent_2009_2026,final_neutral_other,37,22,0.2127572429968453,0.7027027027027027,26,11,0,23,0.2240557157146109,80,24,0.20721462535624502
recent_2009_2026,final_shared_primary,1,1,0.1367988574030157,1.0,1,0,0,1,0.18057017997166225,80,1,0.10111247545262723
recent_2009_2026,grand_final,17,10,0.19543485716044162,0.7058823529411765,12,5,0,12,0.20777807813859828,80,12,0.189294912256696
recent_2009_2026,regular_alternate_or_neutral,581,376,0.22586390397267442,0.5112262521588946,296,283,2,362,0.22401056456774152,5,365,0.2239267966197769
recent_2009_2026,regular_away_primary,65,40,0.22042202463696556,0.4375,28,36,1,43,0.21510697666782325,-15,45,0.21466175145674948
recent_2009_2026,regular_home_primary,2758,1766,0.2234217055264093,0.5791772843101566,1591,1156,11,1733,0.22707780947987027,45,1763,0.22336763934657233
recent_2009_2026,regular_shared_primary,68,49,0.22406479966715614,0.5441176470588235,37,31,0,42,0.22774257941704185,45,49,0.2240366871984198
recent_2019_2026,all,1615,1092,0.2153120188179849,0.5614906832298137,904,706,5,1079,0.21742352525647207,35,1084,0.21526648938278758
recent_2019_2026,final_away_primary,2,2,0.1347966856180714,1.0,2,0,0,2,0.17799049941938835,80,2,0.09961518854792328
recent_2019_2026,final_home_primary,39,27,0.20110772551148196,0.6923076923076923,27,12,0,29,0.21448842854824596,80,29,0.19412109500345848
recent_2019_2026,final_neutral_other,15,11,0.17729604852553005,0.7333333333333333,11,4,0,11,0.18707294541349703,80,10,0.17339084613515995
recent_2019_2026,grand_final,7,4,0.2093821361283584,0.5714285714285714,4,3,0,6,0.20490778993269543,-5,6,0.20480983742421158
recent_2019_2026,regular_alternate_or_neutral,336,234,0.21453315145372343,0.5059880239520959,169,165,2,228,0.21326747187126985,10,224,0.2130442856208766
recent_2019_2026,regular_away_primary,29,18,0.21461676067558402,0.4482758620689655,13,16,0,20,0.20506068509938077,-40,22,0.20149428924097787
recent_2019_2026,regular_home_primary,1155,772,0.21663403065229755,0.5755208333333334,663,489,3,760,0.219685197499378,40,772,0.21663403065229755
recent_2019_2026,regular_shared_primary,32,24,0.21786467789478364,0.46875,15,17,0,23,0.21364004180751184,-10,22,0.21345412228312938
