dex,entry_id,name,form_name,type1,type2,region,is_alt_form,form_family,sprite_slug,inferred_evolves_from_dex,inferred_evolves_from_entry_id,inferred_evolves_from_name,manual_evolves_from_dex,manual_evolves_from_entry_id,notes
1,pokemon::1,Bulbasaur,,Grass,Poison,Kanto,0,,,,,,,,
2,pokemon::2,Ivysaur,,Grass,Poison,Kanto,0,,,1,pokemon::1,Bulbasaur,,,
3,pokemon::3,Venusaur,,Grass,Poison,Kanto,0,,,2,pokemon::2,Ivysaur,,,
4,pokemon::4,Charmander,,Fire,,Kanto,0,,,,,,,,
5,pokemon::5,Charmeleon,,Fire,,Kanto,0,,,4,pokemon::4,Charmander,,,
6,pokemon::6,Charizard,,Fire,Flying,Kanto,0,,,5,pokemon::5,Charmeleon,,,
7,pokemon::7,Squirtle,,Water,,Kanto,0,,,,,,,,
8,pokemon::8,Wartortle,,Water,,Kanto,0,,,7,pokemon::7,Squirtle,,,
9,pokemon::9,Blastoise,,Water,,Kanto,0,,,8,pokemon::8,Wartortle,,,
10,pokemon::10,Caterpie,,Bug,,Kanto,0,,,,,,,,
11,pokemon::11,Metapod,,Bug,,Kanto,0,,,10,pokemon::10,Caterpie,,,
12,pokemon::12,Butterfree,,Bug,Flying,Kanto,0,,,11,pokemon::11,Metapod,,,
13,pokemon::13,Weedle,,Bug,Poison,Kanto,0,,,,,,,,
14,pokemon::14,Kakuna,,Bug,Poison,Kanto,0,,,13,pokemon::13,Weedle,,,
15,pokemon::15,Beedrill,,Bug,Poison,Kanto,0,,,14,pokemon::14,Kakuna,,,
16,pokemon::16,Pidgey,,Normal,Flying,Kanto,0,,,,,,,,
17,pokemon::17,Pidgeotto,,Normal,Flying,Kanto,0,,,16,pokemon::16,Pidgey,,,
18,pokemon::18,Pidgeot,,Normal,Flying,Kanto,0,,,17,pokemon::17,Pidgeotto,,,
19,pokemon::19,Rattata,,Normal,,Kanto,0,,,,,,,,
19,alt::19::1::Rattata::Dark::Normal,Rattata,Dark / Normal,Dark,Normal,Kanto,1,alolan,rattata-alolan,,,,,,
20,pokemon::20,Raticate,,Normal,,Kanto,0,,,19,pokemon::19,Rattata,,,
20,alt::20::1::Raticate::Dark::Normal,Raticate,Dark / Normal,Dark,Normal,Kanto,1,alolan,raticate-alolan,19,alt::19::1::Rattata::Dark::Normal,Rattata,,,
21,pokemon::21,Spearow,,Normal,Flying,Kanto,0,,,,,,,,
22,pokemon::22,Fearow,,Normal,Flying,Kanto,0,,,21,pokemon::21,Spearow,,,
23,pokemon::23,Ekans,,Poison,,Kanto,0,,,,,,,,
24,pokemon::24,Arbok,,Poison,,Kanto,0,,,23,pokemon::23,Ekans,,,
25,pokemon::25,Pikachu,,Electric,,Kanto,0,,,172,pokemon::172,Pichu,,,
26,pokemon::26,Raichu,,Electric,,Kanto,0,,,25,pokemon::25,Pikachu,,,
26,alt::26::1::Raichu::Electric::Psychic,Raichu,Psychic,Electric,Psychic,Kanto,1,alolan,raichu-alolan,25,pokemon::25,Pikachu,,,
27,pokemon::27,Sandshrew,,Ground,,Kanto,0,,,,,,,,
27,alt::27::1::Sandshrew::Ice::Steel,Sandshrew,Ice / Steel,Ice,Steel,Kanto,1,alolan,sandshrew-alolan,,,,,,
28,pokemon::28,Sandslash,,Ground,,Kanto,0,,,27,pokemon::27,Sandshrew,,,
28,alt::28::1::Sandslash::Ice::Steel,Sandslash,Ice / Steel,Ice,Steel,Kanto,1,alolan,sandslash-alolan,27,alt::27::1::Sandshrew::Ice::Steel,Sandshrew,,,
29,pokemon::29,Nidoran?,,Poison,,Kanto,0,,,,,,,,
30,pokemon::30,Nidorina,,Poison,,Kanto,0,,,29,pokemon::29,Nidoran?,,,
31,pokemon::31,Nidoqueen,,Poison,Ground,Kanto,0,,,30,pokemon::30,Nidorina,,,
32,pokemon::32,Nidoran?,,Poison,,Kanto,0,,,,,,,,
33,pokemon::33,Nidorino,,Poison,,Kanto,0,,,32,pokemon::32,Nidoran?,,,
34,pokemon::34,Nidoking,,Poison,Ground,Kanto,0,,,33,pokemon::33,Nidorino,,,
35,pokemon::35,Clefairy,,Fairy,,Kanto,0,,,173,pokemon::173,Cleffa,,,
36,pokemon::36,Clefable,,Fairy,,Kanto,0,,,35,pokemon::35,Clefairy,,,
37,pokemon::37,Vulpix,,Fire,,Kanto,0,,,,,,,,
37,alt::37::1::Vulpix::Ice::-,Vulpix,Ice,Ice,,Kanto,1,alolan,vulpix-alolan,,,,,,
38,pokemon::38,Ninetales,,Fire,,Kanto,0,,,37,pokemon::37,Vulpix,,,
38,alt::38::1::Ninetales::Ice::Fairy,Ninetales,Ice / Fairy,Ice,Fairy,Kanto,1,alolan,ninetales-alolan,37,alt::37::1::Vulpix::Ice::-,Vulpix,,,
39,pokemon::39,Jigglypuff,,Normal,Fairy,Kanto,0,,,174,pokemon::174,Igglybuff,,,
40,pokemon::40,Wigglytuff,,Normal,Fairy,Kanto,0,,,39,pokemon::39,Jigglypuff,,,
41,pokemon::41,Zubat,,Poison,Flying,Kanto,0,,,,,,,,
42,pokemon::42,Golbat,,Poison,Flying,Kanto,0,,,41,pokemon::41,Zubat,,,
43,pokemon::43,Oddish,,Grass,Poison,Kanto,0,,,,,,,,
44,pokemon::44,Gloom,,Grass,Poison,Kanto,0,,,43,pokemon::43,Oddish,,,
45,pokemon::45,Vileplume,,Grass,Poison,Kanto,0,,,44,pokemon::44,Gloom,,,
46,pokemon::46,Paras,,Bug,Grass,Kanto,0,,,,,,,,
47,pokemon::47,Parasect,,Bug,Grass,Kanto,0,,,46,pokemon::46,Paras,,,
48,pokemon::48,Venonat,,Bug,Poison,Kanto,0,,,,,,,,
49,pokemon::49,Venomoth,,Bug,Poison,Kanto,0,,,48,pokemon::48,Venonat,,,
50,pokemon::50,Diglett,,Ground,,Kanto,0,,,,,,,,
50,alt::50::1::Diglett::Ground::Steel,Diglett,Steel,Ground,Steel,Kanto,1,alolan,diglett-alolan,,,,,,
51,pokemon::51,Dugtrio,,Ground,,Kanto,0,,,50,pokemon::50,Diglett,,,
51,alt::51::1::Dugtrio::Ground::Steel,Dugtrio,Steel,Ground,Steel,Kanto,1,alolan,dugtrio-alolan,50,alt::50::1::Diglett::Ground::Steel,Diglett,,,
52,pokemon::52,Meowth,,Normal,,Kanto,0,,,,,,,,
52,alt::52::1::Meowth::Dark::-,Meowth,Dark,Dark,,Kanto,1,alolan,meowth-alolan,,,,,,
52,alt::52::2::Meowth::Steel::-,Meowth,Steel,Steel,,Kanto,1,galarian,meowth-galarian,,,,,,
53,pokemon::53,Persian,,Normal,,Kanto,0,,,52,pokemon::52,Meowth,,,
53,alt::53::1::Persian::Dark::-,Persian,Dark,Dark,,Kanto,1,alolan,persian-alolan,52,alt::52::1::Meowth::Dark::-,Meowth,,,
54,pokemon::54,Psyduck,,Water,,Kanto,0,,,,,,,,
55,pokemon::55,Golduck,,Water,,Kanto,0,,,54,pokemon::54,Psyduck,,,
56,pokemon::56,Mankey,,Fighting,,Kanto,0,,,,,,,,
57,pokemon::57,Primeape,,Fighting,,Kanto,0,,,56,pokemon::56,Mankey,,,
58,pokemon::58,Growlithe,,Fire,,Kanto,0,,,,,,,,
58,alt::58::1::Growlithe::Fire::Rock,Growlithe,Rock,Fire,Rock,Kanto,1,hisuian,growlithe-hisuian,,,,,,
59,pokemon::59,Arcanine,,Fire,,Kanto,0,,,58,pokemon::58,Growlithe,,,
59,alt::59::1::Arcanine::Fire::Rock,Arcanine,Rock,Fire,Rock,Kanto,1,hisuian,arcanine-hisuian,58,alt::58::1::Growlithe::Fire::Rock,Growlithe,,,
60,pokemon::60,Poliwag,,Water,,Kanto,0,,,,,,,,
61,pokemon::61,Poliwhirl,,Water,,Kanto,0,,,60,pokemon::60,Poliwag,,,
62,pokemon::62,Poliwrath,,Water,Fighting,Kanto,0,,,61,pokemon::61,Poliwhirl,,,
63,pokemon::63,Abra,,Psychic,,Kanto,0,,,,,,,,
64,pokemon::64,Kadabra,,Psychic,,Kanto,0,,,63,pokemon::63,Abra,,,
65,pokemon::65,Alakazam,,Psychic,,Kanto,0,,,64,pokemon::64,Kadabra,,,
66,pokemon::66,Machop,,Fighting,,Kanto,0,,,,,,,,
67,pokemon::67,Machoke,,Fighting,,Kanto,0,,,66,pokemon::66,Machop,,,
68,pokemon::68,Machamp,,Fighting,,Kanto,0,,,67,pokemon::67,Machoke,,,
69,pokemon::69,Bellsprout,,Grass,Poison,Kanto,0,,,,,,,,
70,pokemon::70,Weepinbell,,Grass,Poison,Kanto,0,,,69,pokemon::69,Bellsprout,,,
71,pokemon::71,Victreebel,,Grass,Poison,Kanto,0,,,70,pokemon::70,Weepinbell,,,
72,pokemon::72,Tentacool,,Water,Poison,Kanto,0,,,,,,,,
73,pokemon::73,Tentacruel,,Water,Poison,Kanto,0,,,72,pokemon::72,Tentacool,,,
74,pokemon::74,Geodude,,Rock,Ground,Kanto,0,,,,,,,,
74,alt::74::1::Geodude::Rock::Electric,Geodude,Electric,Rock,Electric,Kanto,1,alolan,geodude-alolan,,,,,,
75,pokemon::75,Graveler,,Rock,Ground,Kanto,0,,,74,pokemon::74,Geodude,,,
75,alt::75::1::Graveler::Rock::Electric,Graveler,Electric,Rock,Electric,Kanto,1,alolan,graveler-alolan,74,alt::74::1::Geodude::Rock::Electric,Geodude,,,
76,pokemon::76,Golem,,Rock,Ground,Kanto,0,,,75,pokemon::75,Graveler,,,
76,alt::76::1::Golem::Rock::Electric,Golem,Electric,Rock,Electric,Kanto,1,alolan,golem-alolan,75,alt::75::1::Graveler::Rock::Electric,Graveler,,,
77,pokemon::77,Ponyta,,Fire,,Kanto,0,,,,,,,,
77,alt::77::1::Ponyta::Psychic::-,Ponyta,Psychic,Psychic,,Kanto,1,galarian,ponyta-galarian,,,,,,
78,pokemon::78,Rapidash,,Fire,,Kanto,0,,,77,pokemon::77,Ponyta,,,
78,alt::78::1::Rapidash::Psychic::Fairy,Rapidash,Psychic / Fairy,Psychic,Fairy,Kanto,1,galarian,rapidash-galarian,77,alt::77::1::Ponyta::Psychic::-,Ponyta,,,
79,pokemon::79,Slowpoke,,Water,Psychic,Kanto,0,,,,,,,,
79,alt::79::1::Slowpoke::Psychic::-,Slowpoke,Psychic,Psychic,,Kanto,1,galarian,slowpoke-galarian,,,,,,
80,pokemon::80,Slowbro,,Water,Psychic,Kanto,0,,,79,pokemon::79,Slowpoke,,,
80,alt::80::1::Slowbro::Poison::Psychic,Slowbro,Poison,Poison,Psychic,Kanto,1,galarian,slowbro-galarian,79,alt::79::1::Slowpoke::Psychic::-,Slowpoke,,,
81,pokemon::81,Magnemite,,Electric,Steel,Kanto,0,,,,,,,,
82,pokemon::82,Magneton,,Electric,Steel,Kanto,0,,,81,pokemon::81,Magnemite,,,
83,pokemon::83,Farfetch'd,,Normal,Flying,Kanto,0,,,,,,,,
83,alt::83::1::Farfetch'd::Fighting::-,Farfetch'd,Fighting,Fighting,,Kanto,1,galarian,farfetchd-galarian,,,,,,
84,pokemon::84,Doduo,,Normal,Flying,Kanto,0,,,,,,,,
85,pokemon::85,Dodrio,,Normal,Flying,Kanto,0,,,84,pokemon::84,Doduo,,,
86,pokemon::86,Seel,,Water,,Kanto,0,,,,,,,,
87,pokemon::87,Dewgong,,Water,Ice,Kanto,0,,,86,pokemon::86,Seel,,,
88,pokemon::88,Grimer,,Poison,,Kanto,0,,,,,,,,
88,alt::88::1::Grimer::Poison::Dark,Grimer,Dark,Poison,Dark,Kanto,1,alolan,grimer-alolan,,,,,,
89,pokemon::89,Muk,,Poison,,Kanto,0,,,88,pokemon::88,Grimer,,,
89,alt::89::1::Muk::Poison::Dark,Muk,Dark,Poison,Dark,Kanto,1,alolan,muk-alolan,88,alt::88::1::Grimer::Poison::Dark,Grimer,,,
90,pokemon::90,Shellder,,Water,,Kanto,0,,,,,,,,
91,pokemon::91,Cloyster,,Water,Ice,Kanto,0,,,90,pokemon::90,Shellder,,,
92,pokemon::92,Gastly,,Ghost,Poison,Kanto,0,,,,,,,,
93,pokemon::93,Haunter,,Ghost,Poison,Kanto,0,,,92,pokemon::92,Gastly,,,
94,pokemon::94,Gengar,,Ghost,Poison,Kanto,0,,,93,pokemon::93,Haunter,,,
95,pokemon::95,Onix,,Rock,Ground,Kanto,0,,,,,,,,
96,pokemon::96,Drowzee,,Psychic,,Kanto,0,,,,,,,,
97,pokemon::97,Hypno,,Psychic,,Kanto,0,,,96,pokemon::96,Drowzee,,,
98,pokemon::98,Krabby,,Water,,Kanto,0,,,,,,,,
99,pokemon::99,Kingler,,Water,,Kanto,0,,,98,pokemon::98,Krabby,,,
100,pokemon::100,Voltorb,,Electric,,Kanto,0,,,,,,,,
100,alt::100::1::Voltorb::Electric::Grass,Voltorb,Grass,Electric,Grass,Kanto,1,hisuian,voltorb-hisuian,,,,,,
101,pokemon::101,Electrode,,Electric,,Kanto,0,,,100,pokemon::100,Voltorb,,,
101,alt::101::1::Electrode::Electric::Grass,Electrode,Grass,Electric,Grass,Kanto,1,hisuian,electrode-hisuian,100,alt::100::1::Voltorb::Electric::Grass,Voltorb,,,
102,pokemon::102,Exeggcute,,Grass,Psychic,Kanto,0,,,,,,,,
103,pokemon::103,Exeggutor,,Grass,Psychic,Kanto,0,,,102,pokemon::102,Exeggcute,,,
103,alt::103::1::Exeggutor::Grass::Dragon,Exeggutor,Dragon,Grass,Dragon,Kanto,1,alolan,exeggutor-alolan,102,pokemon::102,Exeggcute,,,
104,pokemon::104,Cubone,,Ground,,Kanto,0,,,,,,,,
105,pokemon::105,Marowak,,Ground,,Kanto,0,,,104,pokemon::104,Cubone,,,
105,alt::105::1::Marowak::Fire::Ghost,Marowak,Fire / Ghost,Fire,Ghost,Kanto,1,alolan,marowak-alolan,104,pokemon::104,Cubone,,,
106,pokemon::106,Hitmonlee,,Fighting,,Kanto,0,,,236,pokemon::236,Tyrogue,,,
107,pokemon::107,Hitmonchan,,Fighting,,Kanto,0,,,236,pokemon::236,Tyrogue,,,
108,pokemon::108,Lickitung,,Normal,,Kanto,0,,,,,,,,
109,pokemon::109,Koffing,,Poison,,Kanto,0,,,,,,,,
110,pokemon::110,Weezing,,Poison,,Kanto,0,,,109,pokemon::109,Koffing,,,
110,alt::110::1::Weezing::Poison::Fairy,Weezing,Fairy,Poison,Fairy,Kanto,1,galarian,weezing-galarian,109,pokemon::109,Koffing,,,
111,pokemon::111,Rhyhorn,,Ground,Rock,Kanto,0,,,,,,,,
112,pokemon::112,Rhydon,,Ground,Rock,Kanto,0,,,111,pokemon::111,Rhyhorn,,,
113,pokemon::113,Chansey,,Normal,,Kanto,0,,,440,pokemon::440,Happiny,,,
114,pokemon::114,Tangela,,Grass,,Kanto,0,,,,,,,,
115,pokemon::115,Kangaskhan,,Normal,,Kanto,0,,,,,,,,
116,pokemon::116,Horsea,,Water,,Kanto,0,,,,,,,,
117,pokemon::117,Seadra,,Water,,Kanto,0,,,116,pokemon::116,Horsea,,,
118,pokemon::118,Goldeen,,Water,,Kanto,0,,,,,,,,
119,pokemon::119,Seaking,,Water,,Kanto,0,,,118,pokemon::118,Goldeen,,,
120,pokemon::120,Staryu,,Water,,Kanto,0,,,,,,,,
121,pokemon::121,Starmie,,Water,Psychic,Kanto,0,,,120,pokemon::120,Staryu,,,
122,pokemon::122,Mr. Mime,,Psychic,Fairy,Kanto,0,,,439,pokemon::439,Mime Jr.,,,
122,alt::122::1::Mr. Mime::Ice::Psychic,Mr. Mime,Ice / Psychic,Ice,Psychic,Kanto,1,galarian,mr-mime-galarian,439,pokemon::439,Mime Jr.,,,
123,pokemon::123,Scyther,,Bug,Flying,Kanto,0,,,,,,,,
124,pokemon::124,Jynx,,Ice,Psychic,Kanto,0,,,238,pokemon::238,Smoochum,,,
125,pokemon::125,Electabuzz,,Electric,,Kanto,0,,,239,pokemon::239,Elekid,,,
126,pokemon::126,Magmar,,Fire,,Kanto,0,,,240,pokemon::240,Magby,,,
127,pokemon::127,Pinsir,,Bug,,Kanto,0,,,,,,,,
128,pokemon::128,Tauros,,Normal,,Kanto,0,,,,,,,,
128,alt::128::1::Tauros::Fighting::-,Tauros,Fighting,Fighting,,Kanto,1,paldean,tauros-paldean-combat-breed,,,,,,
128,alt::128::2::Tauros::Fighting::Fire,Tauros,Fighting / Fire,Fighting,Fire,Kanto,1,paldean,tauros-paldean-blaze-breed,,,,,,
128,alt::128::3::Tauros::Fighting::Water,Tauros,Fighting / Water,Fighting,Water,Kanto,1,paldean,tauros-paldean-aqua-breed,,,,,,
129,pokemon::129,Magikarp,,Water,,Kanto,0,,,,,,,,
130,pokemon::130,Gyarados,,Water,Flying,Kanto,0,,,129,pokemon::129,Magikarp,,,
131,pokemon::131,Lapras,,Water,Ice,Kanto,0,,,,,,,,
132,pokemon::132,Ditto,,Normal,,Kanto,0,,,,,,,,
133,pokemon::133,Eevee,,Normal,,Kanto,0,,,,,,,,
134,pokemon::134,Vaporeon,,Water,,Kanto,0,,,133,pokemon::133,Eevee,,,
135,pokemon::135,Jolteon,,Electric,,Kanto,0,,,133,pokemon::133,Eevee,,,
136,pokemon::136,Flareon,,Fire,,Kanto,0,,,133,pokemon::133,Eevee,,,
137,pokemon::137,Porygon,,Normal,,Kanto,0,,,,,,,,
138,pokemon::138,Omanyte,,Rock,Water,Kanto,0,,,,,,,,
139,pokemon::139,Omastar,,Rock,Water,Kanto,0,,,138,pokemon::138,Omanyte,,,
140,pokemon::140,Kabuto,,Rock,Water,Kanto,0,,,,,,,,
141,pokemon::141,Kabutops,,Rock,Water,Kanto,0,,,140,pokemon::140,Kabuto,,,
142,pokemon::142,Aerodactyl,,Rock,Flying,Kanto,0,,,,,,,,
143,pokemon::143,Snorlax,,Normal,,Kanto,0,,,446,pokemon::446,Munchlax,,,
144,pokemon::144,Articuno,,Ice,Flying,Kanto,0,,,,,,,,
144,alt::144::1::Articuno::Psychic::Flying,Articuno,Psychic,Psychic,Flying,Kanto,1,galarian,articuno-galarian,,,,,,
145,pokemon::145,Zapdos,,Electric,Flying,Kanto,0,,,,,,,,
145,alt::145::1::Zapdos::Fighting::Flying,Zapdos,Fighting,Fighting,Flying,Kanto,1,galarian,zapdos-galarian,,,,,,
146,pokemon::146,Moltres,,Fire,Flying,Kanto,0,,,,,,,,
146,alt::146::1::Moltres::Dark::Flying,Moltres,Dark,Dark,Flying,Kanto,1,galarian,moltres-galarian,,,,,,
147,pokemon::147,Dratini,,Dragon,,Kanto,0,,,,,,,,
148,pokemon::148,Dragonair,,Dragon,,Kanto,0,,,147,pokemon::147,Dratini,,,
149,pokemon::149,Dragonite,,Dragon,Flying,Kanto,0,,,148,pokemon::148,Dragonair,,,
150,pokemon::150,Mewtwo,,Psychic,,Kanto,0,,,,,,,,
151,pokemon::151,Mew,,Psychic,,Kanto,0,,,,,,,,
152,pokemon::152,Chikorita,,Grass,,Johto,0,,,,,,,,
153,pokemon::153,Bayleef,,Grass,,Johto,0,,,152,pokemon::152,Chikorita,,,
154,pokemon::154,Meganium,,Grass,,Johto,0,,,153,pokemon::153,Bayleef,,,
155,pokemon::155,Cyndaquil,,Fire,,Johto,0,,,,,,,,
156,pokemon::156,Quilava,,Fire,,Johto,0,,,155,pokemon::155,Cyndaquil,,,
157,pokemon::157,Typhlosion,,Fire,,Johto,0,,,156,pokemon::156,Quilava,,,
157,alt::157::1::Typhlosion::Fire::Ghost,Typhlosion,Ghost,Fire,Ghost,Johto,1,hisuian,typhlosion-hisuian,156,pokemon::156,Quilava,,,
158,pokemon::158,Totodile,,Water,,Johto,0,,,,,,,,
159,pokemon::159,Croconaw,,Water,,Johto,0,,,158,pokemon::158,Totodile,,,
160,pokemon::160,Feraligatr,,Water,,Johto,0,,,159,pokemon::159,Croconaw,,,
161,pokemon::161,Sentret,,Normal,,Johto,0,,,,,,,,
162,pokemon::162,Furret,,Normal,,Johto,0,,,161,pokemon::161,Sentret,,,
163,pokemon::163,Hoothoot,,Normal,Flying,Johto,0,,,,,,,,
164,pokemon::164,Noctowl,,Normal,Flying,Johto,0,,,163,pokemon::163,Hoothoot,,,
165,pokemon::165,Ledyba,,Bug,Flying,Johto,0,,,,,,,,
166,pokemon::166,Ledian,,Bug,Flying,Johto,0,,,165,pokemon::165,Ledyba,,,
167,pokemon::167,Spinarak,,Bug,Poison,Johto,0,,,,,,,,
168,pokemon::168,Ariados,,Bug,Poison,Johto,0,,,167,pokemon::167,Spinarak,,,
169,pokemon::169,Crobat,,Poison,Flying,Johto,0,,,42,pokemon::42,Golbat,,,
170,pokemon::170,Chinchou,,Water,Electric,Johto,0,,,,,,,,
171,pokemon::171,Lanturn,,Water,Electric,Johto,0,,,170,pokemon::170,Chinchou,,,
172,pokemon::172,Pichu,,Electric,,Johto,0,,,,,,,,
173,pokemon::173,Cleffa,,Fairy,,Johto,0,,,,,,,,
174,pokemon::174,Igglybuff,,Normal,Fairy,Johto,0,,,,,,,,
175,pokemon::175,Togepi,,Fairy,,Johto,0,,,,,,,,
176,pokemon::176,Togetic,,Fairy,Flying,Johto,0,,,175,pokemon::175,Togepi,,,
177,pokemon::177,Natu,,Psychic,Flying,Johto,0,,,,,,,,
178,pokemon::178,Xatu,,Psychic,Flying,Johto,0,,,177,pokemon::177,Natu,,,
179,pokemon::179,Mareep,,Electric,,Johto,0,,,,,,,,
180,pokemon::180,Flaaffy,,Electric,,Johto,0,,,179,pokemon::179,Mareep,,,
181,pokemon::181,Ampharos,,Electric,,Johto,0,,,180,pokemon::180,Flaaffy,,,
182,pokemon::182,Bellossom,,Grass,,Johto,0,,,44,pokemon::44,Gloom,,,
183,pokemon::183,Marill,,Water,Fairy,Johto,0,,,,,,,,
184,pokemon::184,Azumarill,,Water,Fairy,Johto,0,,,183,pokemon::183,Marill,,,
185,pokemon::185,Sudowoodo,,Rock,,Johto,0,,,438,pokemon::438,Bonsly,,,
186,pokemon::186,Politoed,,Water,,Johto,0,,,61,pokemon::61,Poliwhirl,,,
187,pokemon::187,Hoppip,,Grass,Flying,Johto,0,,,,,,,,
188,pokemon::188,Skiploom,,Grass,Flying,Johto,0,,,187,pokemon::187,Hoppip,,,
189,pokemon::189,Jumpluff,,Grass,Flying,Johto,0,,,188,pokemon::188,Skiploom,,,
190,pokemon::190,Aipom,,Normal,,Johto,0,,,,,,,,
191,pokemon::191,Sunkern,,Grass,,Johto,0,,,,,,,,
192,pokemon::192,Sunflora,,Grass,,Johto,0,,,191,pokemon::191,Sunkern,,,
193,pokemon::193,Yanma,,Bug,Flying,Johto,0,,,,,,,,
194,pokemon::194,Wooper,,Water,Ground,Johto,0,,,,,,,,
194,alt::194::1::Wooper::Poison::Ground,Wooper,Poison,Poison,Ground,Johto,1,paldean,wooper-paldean,,,,,,
195,pokemon::195,Quagsire,,Water,Ground,Johto,0,,,194,pokemon::194,Wooper,,,
196,pokemon::196,Espeon,,Psychic,,Johto,0,,,133,pokemon::133,Eevee,,,
197,pokemon::197,Umbreon,,Dark,,Johto,0,,,133,pokemon::133,Eevee,,,
198,pokemon::198,Murkrow,,Dark,Flying,Johto,0,,,,,,,,
199,pokemon::199,Slowking,,Water,Psychic,Johto,0,,,79,pokemon::79,Slowpoke,,,
199,alt::199::1::Slowking::Poison::Psychic,Slowking,Poison,Poison,Psychic,Johto,1,galarian,slowking-galarian,79,alt::79::1::Slowpoke::Psychic::-,Slowpoke,,,
200,pokemon::200,Misdreavus,,Ghost,,Johto,0,,,,,,,,
201,pokemon::201,Unown,,Psychic,,Johto,0,,,,,,,,
202,pokemon::202,Wobbuffet,,Psychic,,Johto,0,,,360,pokemon::360,Wynaut,,,
203,pokemon::203,Girafarig,,Normal,Psychic,Johto,0,,,,,,,,
204,pokemon::204,Pineco,,Bug,,Johto,0,,,,,,,,
205,pokemon::205,Forretress,,Bug,Steel,Johto,0,,,204,pokemon::204,Pineco,,,
206,pokemon::206,Dunsparce,,Normal,,Johto,0,,,,,,,,
207,pokemon::207,Gligar,,Ground,Flying,Johto,0,,,,,,,,
208,pokemon::208,Steelix,,Steel,Ground,Johto,0,,,95,pokemon::95,Onix,,,
209,pokemon::209,Snubbull,,Fairy,,Johto,0,,,,,,,,
210,pokemon::210,Granbull,,Fairy,,Johto,0,,,209,pokemon::209,Snubbull,,,
211,pokemon::211,Qwilfish,,Water,Poison,Johto,0,,,,,,,,
211,alt::211::1::Qwilfish::Dark::Poison,Qwilfish,Dark,Dark,Poison,Johto,1,hisuian,qwilfish-hisuian,,,,,,
212,pokemon::212,Scizor,,Bug,Steel,Johto,0,,,123,pokemon::123,Scyther,,,
213,pokemon::213,Shuckle,,Bug,Rock,Johto,0,,,,,,,,
214,pokemon::214,Heracross,,Bug,Fighting,Johto,0,,,,,,,,
215,pokemon::215,Sneasel,,Dark,Ice,Johto,0,,,,,,,,
215,alt::215::1::Sneasel::Fighting::Poison,Sneasel,Fighting / Poison,Fighting,Poison,Johto,1,hisuian,sneasel-hisuian,,,,,,
216,pokemon::216,Teddiursa,,Normal,,Johto,0,,,,,,,,
217,pokemon::217,Ursaring,,Normal,,Johto,0,,,216,pokemon::216,Teddiursa,,,
218,pokemon::218,Slugma,,Fire,,Johto,0,,,,,,,,
219,pokemon::219,Magcargo,,Fire,Rock,Johto,0,,,218,pokemon::218,Slugma,,,
220,pokemon::220,Swinub,,Ice,Ground,Johto,0,,,,,,,,
221,pokemon::221,Piloswine,,Ice,Ground,Johto,0,,,220,pokemon::220,Swinub,,,
222,pokemon::222,Corsola,,Water,Rock,Johto,0,,,,,,,,
222,alt::222::1::Corsola::Ghost::-,Corsola,Ghost,Ghost,,Johto,1,galarian,corsola-galarian,,,,,,
223,pokemon::223,Remoraid,,Water,,Johto,0,,,,,,,,
224,pokemon::224,Octillery,,Water,,Johto,0,,,,,,,,
225,pokemon::225,Delibird,,Ice,Flying,Johto,0,,,,,,,,
226,pokemon::226,Mantine,,Water,Flying,Johto,0,,,458,pokemon::458,Mantyke,,,
227,pokemon::227,Skarmory,,Steel,Flying,Johto,0,,,,,,,,
228,pokemon::228,Houndour,,Dark,Fire,Johto,0,,,,,,,,
229,pokemon::229,Houndoom,,Dark,Fire,Johto,0,,,228,pokemon::228,Houndour,,,
230,pokemon::230,Kingdra,,Water,Dragon,Johto,0,,,117,pokemon::117,Seadra,,,
231,pokemon::231,Phanpy,,Ground,,Johto,0,,,,,,,,
232,pokemon::232,Donphan,,Ground,,Johto,0,,,231,pokemon::231,Phanpy,,,
233,pokemon::233,Porygon2,,Normal,,Johto,0,,,137,pokemon::137,Porygon,,,
234,pokemon::234,Stantler,,Normal,,Johto,0,,,,,,,,
235,pokemon::235,Smeargle,,Normal,,Johto,0,,,,,,,,
236,pokemon::236,Tyrogue,,Fighting,,Johto,0,,,,,,,,
237,pokemon::237,Hitmontop,,Fighting,,Johto,0,,,236,pokemon::236,Tyrogue,,,
238,pokemon::238,Smoochum,,Ice,Psychic,Johto,0,,,,,,,,
239,pokemon::239,Elekid,,Electric,,Johto,0,,,,,,,,
240,pokemon::240,Magby,,Fire,,Johto,0,,,,,,,,
241,pokemon::241,Miltank,,Normal,,Johto,0,,,,,,,,
242,pokemon::242,Blissey,,Normal,,Johto,0,,,113,pokemon::113,Chansey,,,
243,pokemon::243,Raikou,,Electric,,Johto,0,,,,,,,,
244,pokemon::244,Entei,,Fire,,Johto,0,,,,,,,,
245,pokemon::245,Suicune,,Water,,Johto,0,,,,,,,,
246,pokemon::246,Larvitar,,Rock,Ground,Johto,0,,,,,,,,
247,pokemon::247,Pupitar,,Rock,Ground,Johto,0,,,246,pokemon::246,Larvitar,,,
248,pokemon::248,Tyranitar,,Rock,Dark,Johto,0,,,247,pokemon::247,Pupitar,,,
249,pokemon::249,Lugia,,Psychic,Flying,Johto,0,,,,,,,,
250,pokemon::250,Ho-Oh,,Fire,Flying,Johto,0,,,,,,,,
251,pokemon::251,Celebi,,Psychic,Grass,Johto,0,,,,,,,,
252,pokemon::252,Treecko,,Grass,,Hoenn,0,,,,,,,,
253,pokemon::253,Grovyle,,Grass,,Hoenn,0,,,252,pokemon::252,Treecko,,,
254,pokemon::254,Sceptile,,Grass,,Hoenn,0,,,253,pokemon::253,Grovyle,,,
255,pokemon::255,Torchic,,Fire,,Hoenn,0,,,,,,,,
256,pokemon::256,Combusken,,Fire,Fighting,Hoenn,0,,,255,pokemon::255,Torchic,,,
257,pokemon::257,Blaziken,,Fire,Fighting,Hoenn,0,,,256,pokemon::256,Combusken,,,
258,pokemon::258,Mudkip,,Water,,Hoenn,0,,,,,,,,
259,pokemon::259,Marshtomp,,Water,Ground,Hoenn,0,,,258,pokemon::258,Mudkip,,,
260,pokemon::260,Swampert,,Water,Ground,Hoenn,0,,,259,pokemon::259,Marshtomp,,,
261,pokemon::261,Poochyena,,Dark,,Hoenn,0,,,,,,,,
262,pokemon::262,Mightyena,,Dark,,Hoenn,0,,,261,pokemon::261,Poochyena,,,
263,pokemon::263,Zigzagoon,,Normal,,Hoenn,0,,,,,,,,
263,alt::263::1::Zigzagoon::Dark::Normal,Zigzagoon,Dark / Normal,Dark,Normal,Hoenn,1,galarian,zigzagoon-galarian,,,,,,
264,pokemon::264,Linoone,,Normal,,Hoenn,0,,,263,pokemon::263,Zigzagoon,,,
264,alt::264::1::Linoone::Dark::Normal,Linoone,Dark / Normal,Dark,Normal,Hoenn,1,galarian,linoone-galarian,263,alt::263::1::Zigzagoon::Dark::Normal,Zigzagoon,,,
265,pokemon::265,Wurmple,,Bug,,Hoenn,0,,,,,,,,
266,pokemon::266,Silcoon,,Bug,,Hoenn,0,,,265,pokemon::265,Wurmple,,,
267,pokemon::267,Beautifly,,Bug,Flying,Hoenn,0,,,266,pokemon::266,Silcoon,,,
268,pokemon::268,Cascoon,,Bug,,Hoenn,0,,,265,pokemon::265,Wurmple,,,
269,pokemon::269,Dustox,,Bug,Poison,Hoenn,0,,,268,pokemon::268,Cascoon,,,
270,pokemon::270,Lotad,,Water,Grass,Hoenn,0,,,,,,,,
271,pokemon::271,Lombre,,Water,Grass,Hoenn,0,,,270,pokemon::270,Lotad,,,
272,pokemon::272,Ludicolo,,Water,Grass,Hoenn,0,,,271,pokemon::271,Lombre,,,
273,pokemon::273,Seedot,,Grass,,Hoenn,0,,,,,,,,
274,pokemon::274,Nuzleaf,,Grass,Dark,Hoenn,0,,,273,pokemon::273,Seedot,,,
275,pokemon::275,Shiftry,,Grass,Dark,Hoenn,0,,,274,pokemon::274,Nuzleaf,,,
276,pokemon::276,Taillow,,Normal,Flying,Hoenn,0,,,,,,,,
277,pokemon::277,Swellow,,Normal,Flying,Hoenn,0,,,,,,,,
278,pokemon::278,Wingull,,Water,Flying,Hoenn,0,,,,,,,,
279,pokemon::279,Pelipper,,Water,Flying,Hoenn,0,,,,,,,,
280,pokemon::280,Ralts,,Psychic,Fairy,Hoenn,0,,,,,,,,
281,pokemon::281,Kirlia,,Psychic,Fairy,Hoenn,0,,,280,pokemon::280,Ralts,,,
282,pokemon::282,Gardevoir,,Psychic,Fairy,Hoenn,0,,,281,pokemon::281,Kirlia,,,
283,pokemon::283,Surskit,,Bug,Water,Hoenn,0,,,,,,,,
284,pokemon::284,Masquerain,,Bug,Flying,Hoenn,0,,,283,pokemon::283,Surskit,,,
285,pokemon::285,Shroomish,,Grass,,Hoenn,0,,,,,,,,
286,pokemon::286,Breloom,,Grass,Fighting,Hoenn,0,,,285,pokemon::285,Shroomish,,,
287,pokemon::287,Slakoth,,Normal,,Hoenn,0,,,,,,,,
288,pokemon::288,Vigoroth,,Normal,,Hoenn,0,,,287,pokemon::287,Slakoth,,,
289,pokemon::289,Slaking,,Normal,,Hoenn,0,,,288,pokemon::288,Vigoroth,,,
290,pokemon::290,Nincada,,Bug,Ground,Hoenn,0,,,,,,,,
291,pokemon::291,Ninjask,,Bug,Flying,Hoenn,0,,,290,pokemon::290,Nincada,,,
292,pokemon::292,Shedinja,,Bug,Ghost,Hoenn,0,,,,,,,,
293,pokemon::293,Whismur,,Normal,,Hoenn,0,,,,,,,,
294,pokemon::294,Loudred,,Normal,,Hoenn,0,,,293,pokemon::293,Whismur,,,
295,pokemon::295,Exploud,,Normal,,Hoenn,0,,,294,pokemon::294,Loudred,,,
296,pokemon::296,Makuhita,,Fighting,,Hoenn,0,,,,,,,,
297,pokemon::297,Hariyama,,Fighting,,Hoenn,0,,,,,,,,
298,pokemon::298,Azurill,,Normal,Fairy,Hoenn,0,,,,,,,,
299,pokemon::299,Nosepass,,Rock,,Hoenn,0,,,,,,,,
300,pokemon::300,Skitty,,Normal,,Hoenn,0,,,,,,,,
301,pokemon::301,Delcatty,,Normal,,Hoenn,0,,,300,pokemon::300,Skitty,,,
302,pokemon::302,Sableye,,Dark,Ghost,Hoenn,0,,,,,,,,
303,pokemon::303,Mawile,,Steel,Fairy,Hoenn,0,,,,,,,,
304,pokemon::304,Aron,,Steel,Rock,Hoenn,0,,,,,,,,
305,pokemon::305,Lairon,,Steel,Rock,Hoenn,0,,,304,pokemon::304,Aron,,,
306,pokemon::306,Aggron,,Steel,Rock,Hoenn,0,,,305,pokemon::305,Lairon,,,
307,pokemon::307,Meditite,,Fighting,Psychic,Hoenn,0,,,,,,,,
308,pokemon::308,Medicham,,Fighting,Psychic,Hoenn,0,,,307,pokemon::307,Meditite,,,
309,pokemon::309,Electrike,,Electric,,Hoenn,0,,,,,,,,
310,pokemon::310,Manectric,,Electric,,Hoenn,0,,,309,pokemon::309,Electrike,,,
311,pokemon::311,Plusle,,Electric,,Hoenn,0,,,,,,,,
312,pokemon::312,Minun,,Electric,,Hoenn,0,,,,,,,,
313,pokemon::313,Volbeat,,Bug,,Hoenn,0,,,,,,,,
314,pokemon::314,Illumise,,Bug,,Hoenn,0,,,,,,,,
315,pokemon::315,Roselia,,Grass,Poison,Hoenn,0,,,406,pokemon::406,Budew,,,
316,pokemon::316,Gulpin,,Poison,,Hoenn,0,,,,,,,,
317,pokemon::317,Swalot,,Poison,,Hoenn,0,,,316,pokemon::316,Gulpin,,,
318,pokemon::318,Carvanha,,Water,Dark,Hoenn,0,,,,,,,,
319,pokemon::319,Sharpedo,,Water,Dark,Hoenn,0,,,318,pokemon::318,Carvanha,,,
320,pokemon::320,Wailmer,,Water,,Hoenn,0,,,,,,,,
321,pokemon::321,Wailord,,Water,,Hoenn,0,,,320,pokemon::320,Wailmer,,,
322,pokemon::322,Numel,,Fire,Ground,Hoenn,0,,,,,,,,
323,pokemon::323,Camerupt,,Fire,Ground,Hoenn,0,,,322,pokemon::322,Numel,,,
324,pokemon::324,Torkoal,,Fire,,Hoenn,0,,,,,,,,
325,pokemon::325,Spoink,,Psychic,,Hoenn,0,,,,,,,,
326,pokemon::326,Grumpig,,Psychic,,Hoenn,0,,,325,pokemon::325,Spoink,,,
327,pokemon::327,Spinda,,Normal,,Hoenn,0,,,,,,,,
328,pokemon::328,Trapinch,,Ground,,Hoenn,0,,,,,,,,
329,pokemon::329,Vibrava,,Ground,Dragon,Hoenn,0,,,328,pokemon::328,Trapinch,,,
330,pokemon::330,Flygon,,Ground,Dragon,Hoenn,0,,,329,pokemon::329,Vibrava,,,
331,pokemon::331,Cacnea,,Grass,,Hoenn,0,,,,,,,,
332,pokemon::332,Cacturne,,Grass,Dark,Hoenn,0,,,331,pokemon::331,Cacnea,,,
333,pokemon::333,Swablu,,Normal,Flying,Hoenn,0,,,,,,,,
334,pokemon::334,Altaria,,Dragon,Flying,Hoenn,0,,,333,pokemon::333,Swablu,,,
335,pokemon::335,Zangoose,,Normal,,Hoenn,0,,,,,,,,
336,pokemon::336,Seviper,,Poison,,Hoenn,0,,,,,,,,
337,pokemon::337,Lunatone,,Rock,Psychic,Hoenn,0,,,,,,,,
338,pokemon::338,Solrock,,Rock,Psychic,Hoenn,0,,,,,,,,
339,pokemon::339,Barboach,,Water,Ground,Hoenn,0,,,,,,,,
340,pokemon::340,Whiscash,,Water,Ground,Hoenn,0,,,339,pokemon::339,Barboach,,,
341,pokemon::341,Corphish,,Water,,Hoenn,0,,,,,,,,
342,pokemon::342,Crawdaunt,,Water,Dark,Hoenn,0,,,341,pokemon::341,Corphish,,,
343,pokemon::343,Baltoy,,Ground,Psychic,Hoenn,0,,,,,,,,
344,pokemon::344,Claydol,,Ground,Psychic,Hoenn,0,,,343,pokemon::343,Baltoy,,,
345,pokemon::345,Lileep,,Rock,Grass,Hoenn,0,,,,,,,,
346,pokemon::346,Cradily,,Rock,Grass,Hoenn,0,,,345,pokemon::345,Lileep,,,
347,pokemon::347,Anorith,,Rock,Bug,Hoenn,0,,,,,,,,
348,pokemon::348,Armaldo,,Rock,Bug,Hoenn,0,,,347,pokemon::347,Anorith,,,
349,pokemon::349,Feebas,,Water,,Hoenn,0,,,,,,,,
350,pokemon::350,Milotic,,Water,,Hoenn,0,,,349,pokemon::349,Feebas,,,
351,pokemon::351,Castform,,Normal,,Hoenn,0,,,,,,,,
351,alt::351::1::Castform::Fire::-,Castform,Fire,Fire,,Hoenn,1,,castform-sunny,,,,,,
351,alt::351::2::Castform::Water::-,Castform,Water,Water,,Hoenn,1,,castform-rainy,,,,,,
351,alt::351::3::Castform::Ice::-,Castform,Ice,Ice,,Hoenn,1,,castform-snowy,,,,,,
352,pokemon::352,Kecleon,,Normal,,Hoenn,0,,,,,,,,
353,pokemon::353,Shuppet,,Ghost,,Hoenn,0,,,,,,,,
354,pokemon::354,Banette,,Ghost,,Hoenn,0,,,353,pokemon::353,Shuppet,,,
355,pokemon::355,Duskull,,Ghost,,Hoenn,0,,,,,,,,
356,pokemon::356,Dusclops,,Ghost,,Hoenn,0,,,355,pokemon::355,Duskull,,,
357,pokemon::357,Tropius,,Grass,Flying,Hoenn,0,,,,,,,,
358,pokemon::358,Chimecho,,Psychic,,Hoenn,0,,,433,pokemon::433,Chingling,,,
359,pokemon::359,Absol,,Dark,,Hoenn,0,,,,,,,,
360,pokemon::360,Wynaut,,Psychic,,Hoenn,0,,,,,,,,
361,pokemon::361,Snorunt,,Ice,,Hoenn,0,,,,,,,,
362,pokemon::362,Glalie,,Ice,,Hoenn,0,,,361,pokemon::361,Snorunt,,,
363,pokemon::363,Spheal,,Ice,Water,Hoenn,0,,,,,,,,
364,pokemon::364,Sealeo,,Ice,Water,Hoenn,0,,,363,pokemon::363,Spheal,,,
365,pokemon::365,Walrein,,Ice,Water,Hoenn,0,,,364,pokemon::364,Sealeo,,,
366,pokemon::366,Clamperl,,Water,,Hoenn,0,,,,,,,,
367,pokemon::367,Huntail,,Water,,Hoenn,0,,,366,pokemon::366,Clamperl,,,
368,pokemon::368,Gorebyss,,Water,,Hoenn,0,,,366,pokemon::366,Clamperl,,,
369,pokemon::369,Relicanth,,Water,Rock,Hoenn,0,,,,,,,,
370,pokemon::370,Luvdisc,,Water,,Hoenn,0,,,,,,,,
371,pokemon::371,Bagon,,Dragon,,Hoenn,0,,,,,,,,
372,pokemon::372,Shelgon,,Dragon,,Hoenn,0,,,371,pokemon::371,Bagon,,,
373,pokemon::373,Salamence,,Dragon,Flying,Hoenn,0,,,372,pokemon::372,Shelgon,,,
374,pokemon::374,Beldum,,Steel,Psychic,Hoenn,0,,,,,,,,
375,pokemon::375,Metang,,Steel,Psychic,Hoenn,0,,,374,pokemon::374,Beldum,,,
376,pokemon::376,Metagross,,Steel,Psychic,Hoenn,0,,,375,pokemon::375,Metang,,,
377,pokemon::377,Regirock,,Rock,,Hoenn,0,,,,,,,,
378,pokemon::378,Regice,,Ice,,Hoenn,0,,,,,,,,
379,pokemon::379,Registeel,,Steel,,Hoenn,0,,,,,,,,
380,pokemon::380,Latias,,Dragon,Psychic,Hoenn,0,,,,,,,,
381,pokemon::381,Latios,,Dragon,Psychic,Hoenn,0,,,,,,,,
382,pokemon::382,Kyogre,,Water,,Hoenn,0,,,,,,,,
383,pokemon::383,Groudon,,Ground,,Hoenn,0,,,,,,,,
384,pokemon::384,Rayquaza,,Dragon,Flying,Hoenn,0,,,,,,,,
385,pokemon::385,Jirachi,,Steel,Psychic,Hoenn,0,,,,,,,,
386,pokemon::386,Deoxys,,Psychic,,Hoenn,0,,,,,,,,
387,pokemon::387,Turtwig,,Grass,,Sinnoh,0,,,,,,,,
388,pokemon::388,Grotle,,Grass,,Sinnoh,0,,,387,pokemon::387,Turtwig,,,
389,pokemon::389,Torterra,,Grass,Ground,Sinnoh,0,,,388,pokemon::388,Grotle,,,
390,pokemon::390,Chimchar,,Fire,,Sinnoh,0,,,,,,,,
391,pokemon::391,Monferno,,Fire,Fighting,Sinnoh,0,,,390,pokemon::390,Chimchar,,,
392,pokemon::392,Infernape,,Fire,Fighting,Sinnoh,0,,,391,pokemon::391,Monferno,,,
393,pokemon::393,Piplup,,Water,,Sinnoh,0,,,,,,,,
394,pokemon::394,Prinplup,,Water,,Sinnoh,0,,,393,pokemon::393,Piplup,,,
395,pokemon::395,Empoleon,,Water,Steel,Sinnoh,0,,,394,pokemon::394,Prinplup,,,
396,pokemon::396,Starly,,Normal,Flying,Sinnoh,0,,,,,,,,
397,pokemon::397,Staravia,,Normal,Flying,Sinnoh,0,,,396,pokemon::396,Starly,,,
398,pokemon::398,Staraptor,,Normal,Flying,Sinnoh,0,,,397,pokemon::397,Staravia,,,
399,pokemon::399,Bidoof,,Normal,,Sinnoh,0,,,,,,,,
400,pokemon::400,Bibarel,,Normal,Water,Sinnoh,0,,,399,pokemon::399,Bidoof,,,
401,pokemon::401,Kricketot,,Bug,,Sinnoh,0,,,,,,,,
402,pokemon::402,Kricketune,,Bug,,Sinnoh,0,,,401,pokemon::401,Kricketot,,,
403,pokemon::403,Shinx,,Electric,,Sinnoh,0,,,,,,,,
404,pokemon::404,Luxio,,Electric,,Sinnoh,0,,,403,pokemon::403,Shinx,,,
405,pokemon::405,Luxray,,Electric,,Sinnoh,0,,,404,pokemon::404,Luxio,,,
406,pokemon::406,Budew,,Grass,Poison,Sinnoh,0,,,,,,,,
407,pokemon::407,Roserade,,Grass,Poison,Sinnoh,0,,,315,pokemon::315,Roselia,,,
408,pokemon::408,Cranidos,,Rock,,Sinnoh,0,,,,,,,,
409,pokemon::409,Rampardos,,Rock,,Sinnoh,0,,,408,pokemon::408,Cranidos,,,
410,pokemon::410,Shieldon,,Rock,Steel,Sinnoh,0,,,,,,,,
411,pokemon::411,Bastiodon,,Rock,Steel,Sinnoh,0,,,410,pokemon::410,Shieldon,,,
412,pokemon::412,Burmy,,Bug,,Sinnoh,0,,,,,,,,
413,pokemon::413,Wormadam,,Bug,Grass,Sinnoh,0,,,412,pokemon::412,Burmy,,,
414,pokemon::414,Mothim,,Bug,Flying,Sinnoh,0,,,412,pokemon::412,Burmy,,,
415,pokemon::415,Combee,,Bug,Flying,Sinnoh,0,,,,,,,,
416,pokemon::416,Vespiquen,,Bug,Flying,Sinnoh,0,,,415,pokemon::415,Combee,,,
417,pokemon::417,Pachirisu,,Electric,,Sinnoh,0,,,,,,,,
418,pokemon::418,Buizel,,Water,,Sinnoh,0,,,,,,,,
419,pokemon::419,Floatzel,,Water,,Sinnoh,0,,,418,pokemon::418,Buizel,,,
420,pokemon::420,Cherubi,,Grass,,Sinnoh,0,,,,,,,,
421,pokemon::421,Cherrim,,Grass,,Sinnoh,0,,,420,pokemon::420,Cherubi,,,
422,pokemon::422,Shellos,,Water,,Sinnoh,0,,,,,,,,
423,pokemon::423,Gastrodon,,Water,Ground,Sinnoh,0,,,422,pokemon::422,Shellos,,,
424,pokemon::424,Ambipom,,Normal,,Sinnoh,0,,,190,pokemon::190,Aipom,,,
425,pokemon::425,Drifloon,,Ghost,Flying,Sinnoh,0,,,,,,,,
426,pokemon::426,Drifblim,,Ghost,Flying,Sinnoh,0,,,425,pokemon::425,Drifloon,,,
427,pokemon::427,Buneary,,Normal,,Sinnoh,0,,,,,,,,
428,pokemon::428,Lopunny,,Normal,,Sinnoh,0,,,427,pokemon::427,Buneary,,,
429,pokemon::429,Mismagius,,Ghost,,Sinnoh,0,,,,,,,,
430,pokemon::430,Honchkrow,,Dark,Flying,Sinnoh,0,,,198,pokemon::198,Murkrow,,,
431,pokemon::431,Glameow,,Normal,,Sinnoh,0,,,,,,,,
432,pokemon::432,Purugly,,Normal,,Sinnoh,0,,,,,,,,
433,pokemon::433,Chingling,,Psychic,,Sinnoh,0,,,,,,,,
434,pokemon::434,Stunky,,Poison,Dark,Sinnoh,0,,,,,,,,
435,pokemon::435,Skuntank,,Poison,Dark,Sinnoh,0,,,434,pokemon::434,Stunky,,,
436,pokemon::436,Bronzor,,Steel,Psychic,Sinnoh,0,,,,,,,,
437,pokemon::437,Bronzong,,Steel,Psychic,Sinnoh,0,,,436,pokemon::436,Bronzor,,,
438,pokemon::438,Bonsly,,Rock,,Sinnoh,0,,,,,,,,
439,pokemon::439,Mime Jr.,,Psychic,Fairy,Sinnoh,0,,,,,,,,
440,pokemon::440,Happiny,,Normal,,Sinnoh,0,,,,,,,,
441,pokemon::441,Chatot,,Normal,Flying,Sinnoh,0,,,,,,,,
442,pokemon::442,Spiritomb,,Ghost,Dark,Sinnoh,0,,,,,,,,
443,pokemon::443,Gible,,Dragon,Ground,Sinnoh,0,,,,,,,,
444,pokemon::444,Gabite,,Dragon,Ground,Sinnoh,0,,,,,,,,
445,pokemon::445,Garchomp,,Dragon,Ground,Sinnoh,0,,,444,pokemon::444,Gabite,,,
446,pokemon::446,Munchlax,,Normal,,Sinnoh,0,,,,,,,,
447,pokemon::447,Riolu,,Fighting,,Sinnoh,0,,,,,,,,
448,pokemon::448,Lucario,,Fighting,Steel,Sinnoh,0,,,447,pokemon::447,Riolu,,,
449,pokemon::449,Hippopotas,,Ground,,Sinnoh,0,,,,,,,,
450,pokemon::450,Hippowdon,,Ground,,Sinnoh,0,,,449,pokemon::449,Hippopotas,,,
451,pokemon::451,Skorupi,,Poison,Bug,Sinnoh,0,,,,,,,,
452,pokemon::452,Drapion,,Poison,Dark,Sinnoh,0,,,451,pokemon::451,Skorupi,,,
453,pokemon::453,Croagunk,,Poison,Fighting,Sinnoh,0,,,,,,,,
454,pokemon::454,Toxicroak,,Poison,Fighting,Sinnoh,0,,,453,pokemon::453,Croagunk,,,
455,pokemon::455,Carnivine,,Grass,,Sinnoh,0,,,,,,,,
456,pokemon::456,Finneon,,Water,,Sinnoh,0,,,,,,,,
457,pokemon::457,Lumineon,,Water,,Sinnoh,0,,,456,pokemon::456,Finneon,,,
458,pokemon::458,Mantyke,,Water,Flying,Sinnoh,0,,,,,,,,
459,pokemon::459,Snover,,Grass,Ice,Sinnoh,0,,,,,,,,
460,pokemon::460,Abomasnow,,Grass,Ice,Sinnoh,0,,,459,pokemon::459,Snover,,,
461,pokemon::461,Weavile,,Dark,Ice,Sinnoh,0,,,215,pokemon::215,Sneasel,,,
462,pokemon::462,Magnezone,,Electric,Steel,Sinnoh,0,,,82,pokemon::82,Magneton,,,
463,pokemon::463,Lickilicky,,Normal,,Sinnoh,0,,,,,,,,
464,pokemon::464,Rhyperior,,Ground,Rock,Sinnoh,0,,,112,pokemon::112,Rhydon,,,
465,pokemon::465,Tangrowth,,Grass,,Sinnoh,0,,,114,pokemon::114,Tangela,,,
466,pokemon::466,Electivire,,Electric,,Sinnoh,0,,,125,pokemon::125,Electabuzz,,,
467,pokemon::467,Magmortar,,Fire,,Sinnoh,0,,,126,pokemon::126,Magmar,,,
468,pokemon::468,Togekiss,,Fairy,Flying,Sinnoh,0,,,176,pokemon::176,Togetic,,,
469,pokemon::469,Yanmega,,Bug,Flying,Sinnoh,0,,,193,pokemon::193,Yanma,,,
470,pokemon::470,Leafeon,,Grass,,Sinnoh,0,,,133,pokemon::133,Eevee,,,
471,pokemon::471,Glaceon,,Ice,,Sinnoh,0,,,133,pokemon::133,Eevee,,,
472,pokemon::472,Gliscor,,Ground,Flying,Sinnoh,0,,,207,pokemon::207,Gligar,,,
473,pokemon::473,Mamoswine,,Ice,Ground,Sinnoh,0,,,221,pokemon::221,Piloswine,,,
474,pokemon::474,Porygon-Z,,Normal,,Sinnoh,0,,,233,pokemon::233,Porygon2,,,
475,pokemon::475,Gallade,,Psychic,Fighting,Sinnoh,0,,,281,pokemon::281,Kirlia,,,
476,pokemon::476,Probopass,,Rock,Steel,Sinnoh,0,,,299,pokemon::299,Nosepass,,,
477,pokemon::477,Dusknoir,,Ghost,,Sinnoh,0,,,356,pokemon::356,Dusclops,,,
478,pokemon::478,Froslass,,Ice,Ghost,Sinnoh,0,,,361,pokemon::361,Snorunt,,,
479,pokemon::479,Rotom,,Electric,Ghost,Sinnoh,0,,,,,,,,
479,alt::479::1::Rotom::Electric::Fire,Rotom,Fire,Electric,Fire,Sinnoh,1,,rotom-heat,,,,,,
479,alt::479::2::Rotom::Electric::Water,Rotom,Water,Electric,Water,Sinnoh,1,,rotom-wash,,,,,,
479,alt::479::3::Rotom::Electric::Ice,Rotom,Ice,Electric,Ice,Sinnoh,1,,rotom-frost,,,,,,
479,alt::479::4::Rotom::Electric::Flying,Rotom,Flying,Electric,Flying,Sinnoh,1,,rotom-fan,,,,,,
479,alt::479::5::Rotom::Electric::Grass,Rotom,Grass,Electric,Grass,Sinnoh,1,,rotom-mow,,,,,,
480,pokemon::480,Uxie,,Psychic,,Sinnoh,0,,,,,,,,
481,pokemon::481,Mesprit,,Psychic,,Sinnoh,0,,,,,,,,
482,pokemon::482,Azelf,,Psychic,,Sinnoh,0,,,,,,,,
483,pokemon::483,Dialga,,Steel,Dragon,Sinnoh,0,,,,,,,,
484,pokemon::484,Palkia,,Water,Dragon,Sinnoh,0,,,,,,,,
485,pokemon::485,Heatran,,Fire,Steel,Sinnoh,0,,,,,,,,
486,pokemon::486,Regigigas,,Normal,,Sinnoh,0,,,,,,,,
487,pokemon::487,Giratina,,Ghost,Dragon,Sinnoh,0,,,,,,,,
488,pokemon::488,Cresselia,,Psychic,,Sinnoh,0,,,,,,,,
489,pokemon::489,Phione,,,,Sinnoh,0,,,,,,,,
490,pokemon::490,Manaphy,,,,Sinnoh,0,,,,,,,,
491,pokemon::491,Darkrai,,Dark,,Sinnoh,0,,,,,,,,
492,pokemon::492,Shaymin,,Grass,,Sinnoh,0,,,,,,,,
492,alt::492::1::Shaymin::Grass::Flying,Shaymin,Flying,Grass,Flying,Sinnoh,1,,shaymin-sky,,,,,,
493,pokemon::493,Arceus,,,,Sinnoh,0,,,,,,,,
494,pokemon::494,Victini,,Psychic,Fire,Unova,0,,,,,,,,
495,pokemon::495,Snivy,,Grass,,Unova,0,,,,,,,,
496,pokemon::496,Servine,,Grass,,Unova,0,,,,,,,,
497,pokemon::497,Serperior,,Grass,,Unova,0,,,496,pokemon::496,Servine,,,
498,pokemon::498,Tepig,,Fire,,Unova,0,,,,,,,,
499,pokemon::499,Pignite,,Fire,Fighting,Unova,0,,,,,,,,
500,pokemon::500,Emboar,,Fire,Fighting,Unova,0,,,499,pokemon::499,Pignite,,,
501,pokemon::501,Oshawott,,Water,,Unova,0,,,,,,,,
502,pokemon::502,Dewott,,Water,,Unova,0,,,501,pokemon::501,Oshawott,,,
503,pokemon::503,Samurott,,Water,,Unova,0,,,502,pokemon::502,Dewott,,,
503,alt::503::1::Samurott::Water::Dark,Samurott,Dark,Water,Dark,Unova,1,hisuian,samurott-hisuian,502,pokemon::502,Dewott,,,
504,pokemon::504,Patrat,,Normal,,Unova,0,,,,,,,,
505,pokemon::505,Watchog,,Normal,,Unova,0,,,504,pokemon::504,Patrat,,,
506,pokemon::506,Lillipup,,Normal,,Unova,0,,,,,,,,
507,pokemon::507,Herdier,,Normal,,Unova,0,,,506,pokemon::506,Lillipup,,,
508,pokemon::508,Stoutland,,Normal,,Unova,0,,,507,pokemon::507,Herdier,,,
509,pokemon::509,Purrloin,,Dark,,Unova,0,,,,,,,,
510,pokemon::510,Liepard,,Dark,,Unova,0,,,509,pokemon::509,Purrloin,,,
511,pokemon::511,Pansage,,Grass,,Unova,0,,,,,,,,
512,pokemon::512,Simisage,,Grass,,Unova,0,,,511,pokemon::511,Pansage,,,
513,pokemon::513,Pansear,,Fire,,Unova,0,,,,,,,,
514,pokemon::514,Simisear,,Fire,,Unova,0,,,513,pokemon::513,Pansear,,,
515,pokemon::515,Panpour,,Water,,Unova,0,,,,,,,,
516,pokemon::516,Simipour,,Water,,Unova,0,,,515,pokemon::515,Panpour,,,
517,pokemon::517,Munna,,Psychic,,Unova,0,,,,,,,,
518,pokemon::518,Musharna,,Psychic,,Unova,0,,,,,,,,
519,pokemon::519,Pidove,,Normal,Flying,Unova,0,,,,,,,,
520,pokemon::520,Tranquill,,Normal,Flying,Unova,0,,,519,pokemon::519,Pidove,,,
521,pokemon::521,Unfezant,,Normal,Flying,Unova,0,,,520,pokemon::520,Tranquill,,,
522,pokemon::522,Blitzle,,Electric,,Unova,0,,,,,,,,
523,pokemon::523,Zebstrika,,Electric,,Unova,0,,,522,pokemon::522,Blitzle,,,
524,pokemon::524,Roggenrola,,Rock,,Unova,0,,,,,,,,
525,pokemon::525,Boldore,,Rock,,Unova,0,,,524,pokemon::524,Roggenrola,,,
526,pokemon::526,Gigalith,,Rock,,Unova,0,,,525,pokemon::525,Boldore,,,
527,pokemon::527,Woobat,,Psychic,Flying,Unova,0,,,,,,,,
528,pokemon::528,Swoobat,,Psychic,Flying,Unova,0,,,527,pokemon::527,Woobat,,,
529,pokemon::529,Drilbur,,Ground,,Unova,0,,,,,,,,
530,pokemon::530,Excadrill,,Ground,Steel,Unova,0,,,529,pokemon::529,Drilbur,,,
531,pokemon::531,Audino,,Normal,,Unova,0,,,,,,,,
532,pokemon::532,Timburr,,Fighting,,Unova,0,,,,,,,,
533,pokemon::533,Gurdurr,,Fighting,,Unova,0,,,532,pokemon::532,Timburr,,,
534,pokemon::534,Conkeldurr,,Fighting,,Unova,0,,,533,pokemon::533,Gurdurr,,,
535,pokemon::535,Tympole,,Water,,Unova,0,,,,,,,,
536,pokemon::536,Palpitoad,,Water,Ground,Unova,0,,,535,pokemon::535,Tympole,,,
537,pokemon::537,Seismitoad,,Water,Ground,Unova,0,,,536,pokemon::536,Palpitoad,,,
538,pokemon::538,Throh,,Fighting,,Unova,0,,,,,,,,
539,pokemon::539,Sawk,,Fighting,,Unova,0,,,,,,,,
540,pokemon::540,Sewaddle,,Bug,Grass,Unova,0,,,,,,,,
541,pokemon::541,Swadloon,,Bug,Grass,Unova,0,,,540,pokemon::540,Sewaddle,,,
542,pokemon::542,Leavanny,,Bug,Grass,Unova,0,,,541,pokemon::541,Swadloon,,,
543,pokemon::543,Venipede,,Bug,Poison,Unova,0,,,,,,,,
544,pokemon::544,Whirlipede,,Bug,Poison,Unova,0,,,543,pokemon::543,Venipede,,,
545,pokemon::545,Scolipede,,Bug,Poison,Unova,0,,,544,pokemon::544,Whirlipede,,,
546,pokemon::546,Cottonee,,Grass,Fairy,Unova,0,,,,,,,,
547,pokemon::547,Whimsicott,,Grass,Fairy,Unova,0,,,546,pokemon::546,Cottonee,,,
548,pokemon::548,Petilil,,Grass,,Unova,0,,,,,,,,
549,pokemon::549,Lilligant,,Grass,,Unova,0,,,548,pokemon::548,Petilil,,,
550,pokemon::550,Basculin,,Water,,Unova,0,,,,,,,,
551,pokemon::551,Sandile,,Ground,Dark,Unova,0,,,,,,,,
552,pokemon::552,Krokorok,,Ground,Dark,Unova,0,,,551,pokemon::551,Sandile,,,
553,pokemon::553,Krookodile,,Ground,Dark,Unova,0,,,552,pokemon::552,Krokorok,,,
554,pokemon::554,Darumaka,,Fire,,Unova,0,,,,,,,,
554,alt::554::1::Darumaka::Ice::-,Darumaka,Ice,Ice,,Unova,1,galarian,darumaka-galarian,,,,,,
555,pokemon::555,Darmanitan,,Fire,,Unova,0,,,554,pokemon::554,Darumaka,,,
555,alt::555::1::Darmanitan::Ice::-,Darmanitan,Ice,Ice,,Unova,1,galarian,darmanitan-galarian,554,alt::554::1::Darumaka::Ice::-,Darumaka,,,
556,pokemon::556,Maractus,,Grass,,Unova,0,,,,,,,,
557,pokemon::557,Dwebble,,Bug,Rock,Unova,0,,,,,,,,
558,pokemon::558,Crustle,,Bug,Rock,Unova,0,,,557,pokemon::557,Dwebble,,,
559,pokemon::559,Scraggy,,Dark,Fighting,Unova,0,,,,,,,,
560,pokemon::560,Scrafty,,Dark,Fighting,Unova,0,,,559,pokemon::559,Scraggy,,,
561,pokemon::561,Sigilyph,,Psychic,Flying,Unova,0,,,,,,,,
562,pokemon::562,Yamask,,Ghost,,Unova,0,,,,,,,,
562,alt::562::1::Yamask::Ground::Ghost,Yamask,Ground / Ghost,Ground,Ghost,Unova,1,galarian,yamask-galarian,,,,,,
563,pokemon::563,Cofagrigus,,Ghost,,Unova,0,,,562,pokemon::562,Yamask,,,
564,pokemon::564,Tirtouga,,Water,Rock,Unova,0,,,,,,,,
565,pokemon::565,Carracosta,,Water,Rock,Unova,0,,,564,pokemon::564,Tirtouga,,,
566,pokemon::566,Archen,,Rock,Flying,Unova,0,,,,,,,,
567,pokemon::567,Archeops,,Rock,Flying,Unova,0,,,566,pokemon::566,Archen,,,
568,pokemon::568,Trubbish,,Poison,,Unova,0,,,,,,,,
569,pokemon::569,Garbodor,,Poison,,Unova,0,,,568,pokemon::568,Trubbish,,,
570,pokemon::570,Zorua,,Dark,,Unova,0,,,,,,,,
571,pokemon::571,Zoroark,,Dark,,Unova,0,,,570,pokemon::570,Zorua,,,
572,pokemon::572,Minccino,,Normal,,Unova,0,,,,,,,,
573,pokemon::573,Cinccino,,Normal,,Unova,0,,,572,pokemon::572,Minccino,,,
574,pokemon::574,Gothita,,Psychic,,Unova,0,,,,,,,,
575,pokemon::575,Gothorita,,Psychic,,Unova,0,,,574,pokemon::574,Gothita,,,
576,pokemon::576,Gothitelle,,Psychic,,Unova,0,,,575,pokemon::575,Gothorita,,,
577,pokemon::577,Solosis,,Psychic,,Unova,0,,,,,,,,
578,pokemon::578,Duosion,,Psychic,,Unova,0,,,577,pokemon::577,Solosis,,,
579,pokemon::579,Reuniclus,,Psychic,,Unova,0,,,578,pokemon::578,Duosion,,,
580,pokemon::580,Ducklett,,Water,Flying,Unova,0,,,,,,,,
581,pokemon::581,Swanna,,Water,Flying,Unova,0,,,580,pokemon::580,Ducklett,,,
582,pokemon::582,Vanillite,,Ice,,Unova,0,,,,,,,,
583,pokemon::583,Vanillish,,Ice,,Unova,0,,,582,pokemon::582,Vanillite,,,
584,pokemon::584,Vanilluxe,,Ice,,Unova,0,,,583,pokemon::583,Vanillish,,,
585,pokemon::585,Deerling,,Normal,Grass,Unova,0,,,,,,,,
586,pokemon::586,Sawsbuck,,Normal,Grass,Unova,0,,,585,pokemon::585,Deerling,,,
587,pokemon::587,Emolga,,Electric,Flying,Unova,0,,,,,,,,
588,pokemon::588,Karrablast,,Bug,,Unova,0,,,,,,,,
589,pokemon::589,Escavalier,,Bug,Steel,Unova,0,,,588,pokemon::588,Karrablast,,,
590,pokemon::590,Foongus,,Grass,Poison,Unova,0,,,,,,,,
591,pokemon::591,Amoonguss,,Grass,Poison,Unova,0,,,590,pokemon::590,Foongus,,,
592,pokemon::592,Frillish,,Water,Ghost,Unova,0,,,,,,,,
593,pokemon::593,Jellicent,,Water,Ghost,Unova,0,,,592,pokemon::592,Frillish,,,
594,pokemon::594,Alomomola,,Water,,Unova,0,,,,,,,,
595,pokemon::595,Joltik,,Bug,Electric,Unova,0,,,,,,,,
596,pokemon::596,Galvantula,,Bug,Electric,Unova,0,,,595,pokemon::595,Joltik,,,
597,pokemon::597,Ferroseed,,Grass,Steel,Unova,0,,,,,,,,
598,pokemon::598,Ferrothorn,,Grass,Steel,Unova,0,,,597,pokemon::597,Ferroseed,,,
599,pokemon::599,Klink,,Steel,,Unova,0,,,,,,,,
600,pokemon::600,Klang,,Steel,,Unova,0,,,599,pokemon::599,Klink,,,
601,pokemon::601,Klinklang,,Steel,,Unova,0,,,600,pokemon::600,Klang,,,
602,pokemon::602,Tynamo,,Electric,,Unova,0,,,,,,,,
603,pokemon::603,Eelektrik,,Electric,,Unova,0,,,602,pokemon::602,Tynamo,,,
604,pokemon::604,Eelektross,,Electric,,Unova,0,,,603,pokemon::603,Eelektrik,,,
605,pokemon::605,Elgyem,,Psychic,,Unova,0,,,,,,,,
606,pokemon::606,Beheeyem,,Psychic,,Unova,0,,,605,pokemon::605,Elgyem,,,
607,pokemon::607,Litwick,,Ghost,Fire,Unova,0,,,,,,,,
608,pokemon::608,Lampent,,Ghost,Fire,Unova,0,,,607,pokemon::607,Litwick,,,
609,pokemon::609,Chandelure,,Ghost,Fire,Unova,0,,,608,pokemon::608,Lampent,,,
610,pokemon::610,Axew,,Dragon,,Unova,0,,,,,,,,
611,pokemon::611,Fraxure,,Dragon,,Unova,0,,,610,pokemon::610,Axew,,,
612,pokemon::612,Haxorus,,Dragon,,Unova,0,,,611,pokemon::611,Fraxure,,,
613,pokemon::613,Cubchoo,,Ice,,Unova,0,,,,,,,,
614,pokemon::614,Beartic,,Ice,,Unova,0,,,613,pokemon::613,Cubchoo,,,
615,pokemon::615,Cryogonal,,Ice,,Unova,0,,,,,,,,
616,pokemon::616,Shelmet,,Bug,,Unova,0,,,,,,,,
617,pokemon::617,Accelgor,,Bug,,Unova,0,,,616,pokemon::616,Shelmet,,,
618,pokemon::618,Stunfisk,,Ground,Electric,Unova,0,,,,,,,,
618,alt::618::1::Stunfisk::Ground::Steel,Stunfisk,Steel,Ground,Steel,Unova,1,galarian,stunfisk-galarian,,,,,,
619,pokemon::619,Mienfoo,,Fighting,,Unova,0,,,,,,,,
620,pokemon::620,Mienshao,,Fighting,,Unova,0,,,619,pokemon::619,Mienfoo,,,
621,pokemon::621,Druddigon,,Dragon,,Unova,0,,,,,,,,
622,pokemon::622,Golett,,Ground,Ghost,Unova,0,,,,,,,,
623,pokemon::623,Golurk,,Ground,Ghost,Unova,0,,,622,pokemon::622,Golett,,,
624,pokemon::624,Pawniard,,Dark,Steel,Unova,0,,,,,,,,
625,pokemon::625,Bisharp,,Dark,Steel,Unova,0,,,624,pokemon::624,Pawniard,,,
626,pokemon::626,Bouffalant,,Normal,,Unova,0,,,,,,,,
627,pokemon::627,Rufflet,,Normal,Flying,Unova,0,,,,,,,,
628,pokemon::628,Braviary,,Normal,Flying,Unova,0,,,627,pokemon::627,Rufflet,,,
628,alt::628::1::Braviary::Psychic::Flying,Braviary,Psychic,Psychic,Flying,Unova,1,hisuian,braviary-hisuian,627,pokemon::627,Rufflet,,,
629,pokemon::629,Vullaby,,Dark,Flying,Unova,0,,,,,,,,
630,pokemon::630,Mandibuzz,,Dark,Flying,Unova,0,,,,,,,,
631,pokemon::631,Heatmor,,Fire,,Unova,0,,,,,,,,
632,pokemon::632,Durant,,Bug,Steel,Unova,0,,,,,,,,
633,pokemon::633,Deino,,Dark,Dragon,Unova,0,,,,,,,,
634,pokemon::634,Zweilous,,Dark,Dragon,Unova,0,,,633,pokemon::633,Deino,,,
635,pokemon::635,Hydreigon,,Dark,Dragon,Unova,0,,,634,pokemon::634,Zweilous,,,
636,pokemon::636,Larvesta,,Bug,Fire,Unova,0,,,,,,,,
637,pokemon::637,Volcarona,,Bug,Fire,Unova,0,,,636,pokemon::636,Larvesta,,,
638,pokemon::638,Cobalion,,Steel,Fighting,Unova,0,,,,,,,,
639,pokemon::639,Terrakion,,Rock,Fighting,Unova,0,,,,,,,,
640,pokemon::640,Virizion,,Grass,Fighting,Unova,0,,,,,,,,
641,pokemon::641,Tornadus,,Flying,,Unova,0,,,,,,,,
642,pokemon::642,Thundurus,,Electric,Flying,Unova,0,,,,,,,,
643,pokemon::643,Reshiram,,Dragon,Fire,Unova,0,,,,,,,,
644,pokemon::644,Zekrom,,Dragon,Electric,Unova,0,,,,,,,,
645,pokemon::645,Landorus,,Ground,Flying,Unova,0,,,,,,,,
646,pokemon::646,Kyurem,,Dragon,Ice,Unova,0,,,,,,,,
647,pokemon::647,Keldeo,,Water,Fighting,Unova,0,,,,,,,,
648,pokemon::648,Meloetta,,Normal,Psychic,Unova,0,,,,,,,,
649,pokemon::649,Genesect,,Bug,Steel,Unova,0,,,,,,,,
650,pokemon::650,Chespin,,Grass,,Kalos,0,,,,,,,,
651,pokemon::651,Quilladin,,Grass,,Kalos,0,,,650,pokemon::650,Chespin,,,
652,pokemon::652,Chesnaught,,Grass,Fighting,Kalos,0,,,651,pokemon::651,Quilladin,,,
653,pokemon::653,Fennekin,,Fire,,Kalos,0,,,,,,,,
654,pokemon::654,Braixen,,Fire,,Kalos,0,,,653,pokemon::653,Fennekin,,,
655,pokemon::655,Delphox,,Fire,Psychic,Kalos,0,,,654,pokemon::654,Braixen,,,
656,pokemon::656,Froakie,,Water,,Kalos,0,,,,,,,,
657,pokemon::657,Frogadier,,Water,,Kalos,0,,,656,pokemon::656,Froakie,,,
658,pokemon::658,Greninja,,Water,Dark,Kalos,0,,,657,pokemon::657,Frogadier,,,
659,pokemon::659,Bunnelby,,Normal,,Kalos,0,,,,,,,,
660,pokemon::660,Diggersby,,Normal,Ground,Kalos,0,,,659,pokemon::659,Bunnelby,,,
661,pokemon::661,Fletchling,,Normal,Flying,Kalos,0,,,,,,,,
662,pokemon::662,Fletchinder,,Fire,Flying,Kalos,0,,,,,,,,
663,pokemon::663,Talonflame,,Fire,Flying,Kalos,0,,,,,,,,
664,pokemon::664,Scatterbug,,Bug,,Kalos,0,,,,,,,,
665,pokemon::665,Spewpa,,Bug,,Kalos,0,,,664,pokemon::664,Scatterbug,,,
666,pokemon::666,Vivillon,,Bug,Flying,Kalos,0,,,665,pokemon::665,Spewpa,,,
667,pokemon::667,Litleo,,Fire,Normal,Kalos,0,,,,,,,,
668,pokemon::668,Pyroar,,Fire,Normal,Kalos,0,,,,,,,,
669,pokemon::669,Flab�b�,,Fairy,,Kalos,0,,,,,,,,
670,pokemon::670,Floette,,Fairy,,Kalos,0,,,669,pokemon::669,Flab�b�,,,
671,pokemon::671,Florges,,Fairy,,Kalos,0,,,670,pokemon::670,Floette,,,
672,pokemon::672,Skiddo,,Grass,,Kalos,0,,,,,,,,
673,pokemon::673,Gogoat,,Grass,,Kalos,0,,,672,pokemon::672,Skiddo,,,
674,pokemon::674,Pancham,,Fighting,,Kalos,0,,,,,,,,
675,pokemon::675,Pangoro,,Fighting,Dark,Kalos,0,,,674,pokemon::674,Pancham,,,
676,pokemon::676,Furfrou,,Normal,,Kalos,0,,,,,,,,
677,pokemon::677,Espurr,,Psychic,,Kalos,0,,,,,,,,
678,pokemon::678,Meowstic,,Psychic,,Kalos,0,,,,,,,,
679,pokemon::679,Honedge,,,,Kalos,0,,,,,,,,
680,pokemon::680,Doublade,,,,Kalos,0,,,679,pokemon::679,Honedge,,,
681,pokemon::681,Aegislash,,,,Kalos,0,,,680,pokemon::680,Doublade,,,
682,pokemon::682,Spritzee,,Fairy,,Kalos,0,,,,,,,,
683,pokemon::683,Aromatisse,,Fairy,,Kalos,0,,,682,pokemon::682,Spritzee,,,
684,pokemon::684,Swirlix,,Fairy,,Kalos,0,,,,,,,,
685,pokemon::685,Slurpuff,,Fairy,,Kalos,0,,,684,pokemon::684,Swirlix,,,
686,pokemon::686,Inkay,,Dark,Psychic,Kalos,0,,,,,,,,
687,pokemon::687,Malamar,,Dark,Psychic,Kalos,0,,,686,pokemon::686,Inkay,,,
688,pokemon::688,Binacle,,Rock,Water,Kalos,0,,,,,,,,
689,pokemon::689,Barbaracle,,Rock,Water,Kalos,0,,,688,pokemon::688,Binacle,,,
690,pokemon::690,Skrelp,,Poison,Water,Kalos,0,,,,,,,,
691,pokemon::691,Dragalge,,Poison,Dragon,Kalos,0,,,690,pokemon::690,Skrelp,,,
692,pokemon::692,Clauncher,,Water,,Kalos,0,,,,,,,,
693,pokemon::693,Clawitzer,,Water,,Kalos,0,,,692,pokemon::692,Clauncher,,,
694,pokemon::694,Helioptile,,Electric,Normal,Kalos,0,,,,,,,,
695,pokemon::695,Heliolisk,,Electric,Normal,Kalos,0,,,694,pokemon::694,Helioptile,,,
696,pokemon::696,Tyrunt,,Rock,Dragon,Kalos,0,,,,,,,,
697,pokemon::697,Tyrantrum,,Rock,Dragon,Kalos,0,,,696,pokemon::696,Tyrunt,,,
698,pokemon::698,Amaura,,Rock,Ice,Kalos,0,,,,,,,,
699,pokemon::699,Aurorus,,Rock,Ice,Kalos,0,,,698,pokemon::698,Amaura,,,
700,pokemon::700,Sylveon,,Fairy,,Kalos,0,,,133,pokemon::133,Eevee,,,
701,pokemon::701,Hawlucha,,Fighting,Flying,Kalos,0,,,,,,,,
702,pokemon::702,Dedenne,,Electric,Fairy,Kalos,0,,,,,,,,
703,pokemon::703,Carbink,,Rock,Fairy,Kalos,0,,,,,,,,
704,pokemon::704,Goomy,,Dragon,,Kalos,0,,,,,,,,
705,pokemon::705,Sliggoo,,Dragon,,Kalos,0,,,704,pokemon::704,Goomy,,,
706,pokemon::706,Goodra,,Dragon,,Kalos,0,,,705,pokemon::705,Sliggoo,,,
707,pokemon::707,Klefki,,Steel,Fairy,Kalos,0,,,,,,,,
708,pokemon::708,Phantump,,Ghost,Grass,Kalos,0,,,,,,,,
709,pokemon::709,Trevenant,,Ghost,Grass,Kalos,0,,,708,pokemon::708,Phantump,,,
710,pokemon::710,Pumpkaboo,,Ghost,Grass,Kalos,0,,,,,,,,
711,pokemon::711,Gourgeist,,Ghost,Grass,Kalos,0,,,710,pokemon::710,Pumpkaboo,,,
712,pokemon::712,Bergmite,,Ice,,Kalos,0,,,,,,,,
713,pokemon::713,Avalugg,,Ice,,Kalos,0,,,712,pokemon::712,Bergmite,,,
713,alt::713::1::Avalugg::Ice::Rock,Avalugg,Rock,Ice,Rock,Kalos,1,hisuian,avalugg-hisuian,712,pokemon::712,Bergmite,,,
714,pokemon::714,Noibat,,Flying,Dragon,Kalos,0,,,,,,,,
715,pokemon::715,Noivern,,Flying,Dragon,Kalos,0,,,714,pokemon::714,Noibat,,,
716,pokemon::716,Xerneas,,Fairy,,Kalos,0,,,,,,,,
717,pokemon::717,Yveltal,,Dark,Flying,Kalos,0,,,,,,,,
718,pokemon::718,Zygarde,,Dragon,Ground,Kalos,0,,,,,,,,
719,pokemon::719,Diancie,,Rock,Fairy,Kalos,0,,,,,,,,
720,pokemon::720,Hoopa,,Psychic,Ghost,Kalos,0,,,,,,,,
720,alt::720::1::Hoopa::Psychic::Dark,Hoopa,Dark,Psychic,Dark,Kalos,1,,hoopa-unbound,,,,,,
721,pokemon::721,Volcanion,,,,Kalos,0,,,,,,,,
722,pokemon::722,Rowlet,,Grass,Flying,Alola,0,,,,,,,,
723,pokemon::723,Dartrix,,Grass,Flying,Alola,0,,,722,pokemon::722,Rowlet,,,
724,pokemon::724,Decidueye,,Grass,Ghost,Alola,0,,,723,pokemon::723,Dartrix,,,
724,alt::724::1::Decidueye::Grass::Fighting,Decidueye,Fighting,Grass,Fighting,Alola,1,hisuian,decidueye-hisuian,723,pokemon::723,Dartrix,,,
725,pokemon::725,Litten,,Fire,,Alola,0,,,,,,,,
726,pokemon::726,Torracat,,Fire,,Alola,0,,,725,pokemon::725,Litten,,,
727,pokemon::727,Incineroar,,Fire,Dark,Alola,0,,,726,pokemon::726,Torracat,,,
728,pokemon::728,Popplio,,Water,,Alola,0,,,,,,,,
729,pokemon::729,Brionne,,Water,,Alola,0,,,728,pokemon::728,Popplio,,,
730,pokemon::730,Primarina,,Water,Fairy,Alola,0,,,729,pokemon::729,Brionne,,,
731,pokemon::731,Pikipek,,Normal,Flying,Alola,0,,,,,,,,
732,pokemon::732,Trumbeak,,Normal,Flying,Alola,0,,,731,pokemon::731,Pikipek,,,
733,pokemon::733,Toucannon,,Normal,Flying,Alola,0,,,732,pokemon::732,Trumbeak,,,
734,pokemon::734,Yungoos,,Normal,,Alola,0,,,,,,,,
735,pokemon::735,Gumshoos,,Normal,,Alola,0,,,734,pokemon::734,Yungoos,,,
736,pokemon::736,Grubbin,,Bug,,Alola,0,,,,,,,,
737,pokemon::737,Charjabug,,Bug,Electric,Alola,0,,,,,,,,
738,pokemon::738,Vikavolt,,Bug,Electric,Alola,0,,,737,pokemon::737,Charjabug,,,
739,pokemon::739,Crabrawler,,Fighting,,Alola,0,,,,,,,,
740,pokemon::740,Crabominable,,Fighting,Ice,Alola,0,,,739,pokemon::739,Crabrawler,,,
741,pokemon::741,Oricorio,,Fire,Flying,Alola,0,,,,,,,,
742,pokemon::742,Cutiefly,,Bug,Fairy,Alola,0,,,,,,,,
743,pokemon::743,Ribombee,,Bug,Fairy,Alola,0,,,742,pokemon::742,Cutiefly,,,
744,pokemon::744,Rockruff,,Rock,,Alola,0,,,,,,,,
745,pokemon::745,Lycanroc,,Rock,,Alola,0,,,744,pokemon::744,Rockruff,,,
746,pokemon::746,Wishiwashi,,,,Alola,0,,,,,,,,
747,pokemon::747,Mareanie,,Poison,Water,Alola,0,,,,,,,,
748,pokemon::748,Toxapex,,Poison,Water,Alola,0,,,747,pokemon::747,Mareanie,,,
749,pokemon::749,Mudbray,,Ground,,Alola,0,,,,,,,,
750,pokemon::750,Mudsdale,,Ground,,Alola,0,,,749,pokemon::749,Mudbray,,,
751,pokemon::751,Dewpider,,Water,Bug,Alola,0,,,,,,,,
752,pokemon::752,Araquanid,,Water,Bug,Alola,0,,,751,pokemon::751,Dewpider,,,
753,pokemon::753,Fomantis,,Grass,,Alola,0,,,,,,,,
754,pokemon::754,Lurantis,,Grass,,Alola,0,,,753,pokemon::753,Fomantis,,,
755,pokemon::755,Morelull,,Grass,Fairy,Alola,0,,,,,,,,
756,pokemon::756,Shiinotic,,Grass,Fairy,Alola,0,,,755,pokemon::755,Morelull,,,
757,pokemon::757,Salandit,,Poison,Fire,Alola,0,,,,,,,,
758,pokemon::758,Salazzle,,Poison,Fire,Alola,0,,,757,pokemon::757,Salandit,,,
759,pokemon::759,Stufful,,Normal,Fighting,Alola,0,,,,,,,,
760,pokemon::760,Bewear,,Normal,Fighting,Alola,0,,,759,pokemon::759,Stufful,,,
761,pokemon::761,Bounsweet,,Grass,,Alola,0,,,,,,,,
762,pokemon::762,Steenee,,Grass,,Alola,0,,,761,pokemon::761,Bounsweet,,,
763,pokemon::763,Tsareena,,Grass,,Alola,0,,,762,pokemon::762,Steenee,,,
764,pokemon::764,Comfey,,Fairy,,Alola,0,,,,,,,,
765,pokemon::765,Oranguru,,Normal,Psychic,Alola,0,,,,,,,,
766,pokemon::766,Passimian,,Fighting,,Alola,0,,,,,,,,
767,pokemon::767,Wimpod,,Bug,Water,Alola,0,,,,,,,,
768,pokemon::768,Golisopod,,Bug,Water,Alola,0,,,767,pokemon::767,Wimpod,,,
769,pokemon::769,Sandygast,,Ghost,Ground,Alola,0,,,,,,,,
770,pokemon::770,Palossand,,Ghost,Ground,Alola,0,,,769,pokemon::769,Sandygast,,,
771,pokemon::771,Pyukumuku,,,,Alola,0,,,,,,,,
773,pokemon::773,Sivally,,,,Alola,0,,,,,,,,
774,pokemon::774,Minior,,,,Alola,0,,,,,,,,
775,pokemon::775,Komala,,Normal,,Alola,0,,,,,,,,
776,pokemon::776,Turtonator,,Fire,Dragon,Alola,0,,,,,,,,
777,pokemon::777,Togedemaru,,Electric,Steel,Alola,0,,,,,,,,
778,pokemon::778,Mimikyu,,,,,0,,,,,,,,
779,pokemon::779,Bruxish,,Water,Psychic,Alola,0,,,,,,,,
780,pokemon::780,Drampa,,Normal,Dragon,Alola,0,,,,,,,,
781,pokemon::781,Dhelmise,,Ghost,Grass,Alola,0,,,,,,,,
782,pokemon::782,Jangmo-o,,Dragon,,Alola,0,,,,,,,,
783,pokemon::783,Hakamo-o,,Dragon,Fighting,Alola,0,,,782,pokemon::782,Jangmo-o,,,
784,pokemon::784,Kommo-o,,Dragon,Fighting,Alola,0,,,783,pokemon::783,Hakamo-o,,,
785,pokemon::785,Tapu Koko,,Electric,Fairy,Alola,0,,,,,,,,
786,pokemon::786,Tapu Lele,,Psychic,Fairy,Alola,0,,,,,,,,
787,pokemon::787,Tapu Bulu,,Grass,Fairy,Alola,0,,,,,,,,
788,pokemon::788,Tapu Fini,,Water,Fairy,Alola,0,,,,,,,,
789,pokemon::789,Cosmog,,Psychic,,Alola,0,,,,,,,,
790,pokemon::790,Cosmoem,,Psychic,,Alola,0,,,789,pokemon::789,Cosmog,,,
791,pokemon::791,Solgaleo,,Psychic,Steel,Alola,0,,,790,pokemon::790,Cosmoem,,,
792,pokemon::792,Lunala,,Psychic,Ghost,Alola,0,,,790,pokemon::790,Cosmoem,,,
793,pokemon::793,Nihilego,,Rock,Poison,Alola,0,,,,,,,,
794,pokemon::794,Buzzwole,,Bug,Fighting,Alola,0,,,,,,,,
795,pokemon::795,Pheromosa,,Bug,Fighting,Alola,0,,,,,,,,
796,pokemon::796,Xurkitree,,Electric,,Alola,0,,,,,,,,
797,pokemon::797,Celesteela,,Steel,Flying,Alola,0,,,,,,,,
798,pokemon::798,Kartana,,Grass,Steel,Alola,0,,,,,,,,
799,pokemon::799,Guzzlord,,Dark,Dragon,Alola,0,,,,,,,,
800,pokemon::800,Necrozma,,Psychic,,Alola,0,,,,,,,,
800,alt::800::1::Necrozma::Psychic::Steel,Necrozma,Steel,Psychic,Steel,Alola,1,,necrozma-dusk-mane,,,,,,
800,alt::800::2::Necrozma::Psychic::Ghost,Necrozma,Ghost,Psychic,Ghost,Alola,1,,necrozma-dawn-wings,,,,,,
801,pokemon::801,Magearna,,,,Alola,0,,,,,,,,
802,pokemon::802,Marshadow,,Fighting,Ghost,Alola,0,,,,,,,,
803,pokemon::803,Poipole,,Poison,,Alola,0,,,,,,,,
804,pokemon::804,Naganadel,,Poison,Dragon,Alola,0,,,803,pokemon::803,Poipole,,,
805,pokemon::805,Stakataka,,Rock,Steel,Alola,0,,,,,,,,
806,pokemon::806,Blacephalon,,Fire,Ghost,Alola,0,,,,,,,,
808,pokemon::808,Meltan,,Steel,,,0,,,,,,,,
809,pokemon::809,Melmetal,,Steel,,,0,,,,,,,,
810,pokemon::810,Grookey,,Grass,,Galar,0,,,,,,,,
811,pokemon::811,Thwackey,,Grass,,Galar,0,,,810,pokemon::810,Grookey,,,
812,pokemon::812,Rillaboom,,Grass,,Galar,0,,,811,pokemon::811,Thwackey,,,
813,pokemon::813,Scorbunny,,Fire,,Galar,0,,,,,,,,
814,pokemon::814,Raboot,,Fire,,Galar,0,,,813,pokemon::813,Scorbunny,,,
815,pokemon::815,Cinderace,,Fire,,Galar,0,,,814,pokemon::814,Raboot,,,
816,pokemon::816,Sobble,,Water,,Galar,0,,,,,,,,
817,pokemon::817,Drizzile,,Water,,Galar,0,,,816,pokemon::816,Sobble,,,
818,pokemon::818,Inteleon,,Water,,Galar,0,,,817,pokemon::817,Drizzile,,,
819,pokemon::819,Skwovet,,Normal,,Galar,0,,,,,,,,
820,pokemon::820,Greedent,,Normal,,Galar,0,,,819,pokemon::819,Skwovet,,,
821,pokemon::821,Rookidee,,Flying,,Galar,0,,,,,,,,
822,pokemon::822,Corvisquire,,Flying,,Galar,0,,,821,pokemon::821,Rookidee,,,
823,pokemon::823,Corviknight,,Flying,Steel,Galar,0,,,822,pokemon::822,Corvisquire,,,
824,pokemon::824,Blipbug,,,,Galar,0,,,,,,,,
825,pokemon::825,Dottler,,,,Galar,0,,,824,pokemon::824,Blipbug,,,
826,pokemon::826,Orbeetle,,,,Galar,0,,,825,pokemon::825,Dottler,,,
827,pokemon::827,Nickit,,Dark,,Galar,0,,,,,,,,
828,pokemon::828,Thievul,,Dark,,Galar,0,,,827,pokemon::827,Nickit,,,
829,pokemon::829,Gossifleur,,Grass,,Galar,0,,,,,,,,
830,pokemon::830,Eldegoss,,Grass,,Galar,0,,,829,pokemon::829,Gossifleur,,,
831,pokemon::831,Wooloo,,Normal,,Galar,0,,,,,,,,
832,pokemon::832,Dubwool,,Normal,,Galar,0,,,831,pokemon::831,Wooloo,,,
833,pokemon::833,Chewtle,,,,Galar,0,,,,,,,,
834,pokemon::834,Drednaw,,,,Galar,0,,,833,pokemon::833,Chewtle,,,
835,pokemon::835,Yamper,,,,Galar,0,,,,,,,,
836,pokemon::836,Boltund,,,,Galar,0,,,835,pokemon::835,Yamper,,,
837,pokemon::837,Rolycoly,,Rock,,Galar,0,,,,,,,,
838,pokemon::838,Carkol,,,,Galar,0,,,837,pokemon::837,Rolycoly,,,
839,pokemon::839,Coalossal,,,,Galar,0,,,838,pokemon::838,Carkol,,,
840,pokemon::840,Applin,,Grass,Dragon,Galar,0,,,,,,,,
841,pokemon::841,Flapple,,Grass,Dragon,Galar,0,,,840,pokemon::840,Applin,,,
842,pokemon::842,Appletun,,Grass,Dragon,Galar,0,,,840,pokemon::840,Applin,,,
843,pokemon::843,Silicobra,,,,Galar,0,,,,,,,,
844,pokemon::844,Sandaconda,,,,Galar,0,,,,,,,,
845,pokemon::845,Cramorant,,,,Galar,0,,,,,,,,
846,pokemon::846,Arrokuda,,,,Galar,0,,,,,,,,
847,pokemon::847,Barraskewda,,,,Galar,0,,,,,,,,
848,pokemon::848,Toxel,,Electric,Poison,Galar,0,,,,,,,,
849,pokemon::849,Toxtricity,,Electric,Poison,Galar,0,,,848,pokemon::848,Toxel,,,
850,pokemon::850,Sizzlipede,,Fire,Bug,Galar,0,,,,,,,,
851,pokemon::851,Centiskorch,,Fire,Bug,Galar,0,,,850,pokemon::850,Sizzlipede,,,
852,pokemon::852,Clobbopus,,Fighting,,Galar,0,,,,,,,,
853,pokemon::853,Grapploct,,Fighting,,Galar,0,,,,,,,,
854,pokemon::854,Sinistea,,Ghost,,Galar,0,,,,,,,,
855,pokemon::855,Polteageist,,Ghost,,Galar,0,,,854,pokemon::854,Sinistea,,,
856,pokemon::856,Hatenna,,Psychic,,Galar,0,,,,,,,,
857,pokemon::857,Hattrem,,Psychic,,Galar,0,,,856,pokemon::856,Hatenna,,,
858,pokemon::858,Hatterene,,Psychic,Fairy,Galar,0,,,857,pokemon::857,Hattrem,,,
859,pokemon::859,Impidimp,,,,Galar,0,,,,,,,,
860,pokemon::860,Mogrem,,,,Galar,0,,,859,pokemon::859,Impidimp,,,
861,pokemon::861,Grimmsnarl,,,,Galar,0,,,860,pokemon::860,Mogrem,,,
862,pokemon::862,Obstagoon,,Dark,Normal,Galar,0,,,,,,,,
863,pokemon::863,Perrserker,,Steel,,Galar,0,,,,,,,,
864,pokemon::864,Cursola,,Ghost,,Galar,0,,,,,,,,
865,pokemon::865,Sirfetch'd,,Fighting,,Galar,0,,,,,,,,
866,pokemon::866,Mr. Rime,,Ice,Psychic,Galar,0,,,,,,,,
867,pokemon::867,Runerigus,,Ground,Ghost,Galar,0,,,,,,,,
868,pokemon::868,Milcery,,,,Galar,0,,,,,,,,
869,pokemon::869,Alcremie,,,,Galar,0,,,868,pokemon::868,Milcery,,,
870,pokemon::870,Falinks,,Fighting,,Galar,0,,,,,,,,
871,pokemon::871,Pincurchin,,,,Galar,0,,,,,,,,
872,pokemon::872,Snom,,,,Galar,0,,,,,,,,
873,pokemon::873,Frosmoth,,,,Galar,0,,,872,pokemon::872,Snom,,,
874,pokemon::874,Stonjourner,,Rock,,Galar,0,,,,,,,,
875,pokemon::875,Eiscue,,,,Galar,0,,,,,,,,
876,pokemon::876,Indeedee,,,,Galar,0,,,,,,,,
877,pokemon::877,Morpeko,,Electric,Dark,Galar,0,,,,,,,,
878,pokemon::878,Cufant,,,,Galar,0,,,,,,,,
879,pokemon::879,Copperajah,,,,Galar,0,,,878,pokemon::878,Cufant,,,
880,pokemon::880,Dracozolt,,,,Galar,0,,,,,,,,
881,pokemon::881,Arctozolt,,,,Galar,0,,,,,,,,
882,pokemon::882,Dracovish,,,,Galar,0,,,,,,,,
883,pokemon::883,Arctovish,,,,Galar,0,,,,,,,,
884,pokemon::884,Duraldon,,,,Galar,0,,,,,,,,
885,pokemon::885,Dreepy,,Dragon,Ghost,Galar,0,,,,,,,,
886,pokemon::886,Drakloak,,Dragon,Ghost,Galar,0,,,885,pokemon::885,Dreepy,,,
887,pokemon::887,Dragapult,,Dragon,Ghost,Galar,0,,,886,pokemon::886,Drakloak,,,
888,pokemon::888,Zacian,,Fairy,,Galar,0,,,,,,,,
889,pokemon::889,Zamazenta,,Fighting,,Galar,0,,,,,,,,
890,pokemon::890,Eternatus,,,,Galar,0,,,,,,,,
891,pokemon::891,Kubfu,,Fighting,,Galar,0,,,,,,,,
892,pokemon::892,Urshibfu,,,,Galar,0,,,,,,,,
893,pokemon::893,Zarude,,Dark,Grass,Galar,0,,,,,,,,
894,pokemon::894,Regieleki,,Electric,,Galar,0,,,,,,,,
895,pokemon::895,Regidrago,,Dragon,,Galar,0,,,,,,,,
896,pokemon::896,Glastrier,,,,Galar,0,,,,,,,,
897,pokemon::897,Spectrier,,,,Galar,0,,,,,,,,
898,pokemon::898,Calyrex,,,,Galar,0,,,,,,,,
899,pokemon::899,Wyrdeer,,Normal,Psychic,Hisui,0,,,234,pokemon::234,Stantler,,,
900,pokemon::900,Kleavor,,Bug,Rock,Hisui,0,,,123,pokemon::123,Scyther,,,
901,pokemon::901,Ursaluna,,Ground,Normal,Hisui,0,,,217,pokemon::217,Ursaring,,,
902,pokemon::902,Basculegion,,,,Hisui,0,,,,,,,,
903,pokemon::903,Sneasler,,Fighting,Poison,Hisui,0,,,,,,,,
904,pokemon::904,Overqwil,,Dark,Poison,Hisui,0,,,,,,,,
905,pokemon::905,Enamorus,,Fairy,Flying,Hisui,0,,,,,,,,
906,pokemon::906,Sprigatito,,Grass,,Paldea,0,,,,,,,,
907,pokemon::907,Floragato,,Grass,,Paldea,0,,,906,pokemon::906,Sprigatito,,,
908,pokemon::908,Meowscarada,,Grass,Dark,Paldea,0,,,907,pokemon::907,Floragato,,,
909,pokemon::909,Fuecoco,,Fire,,Paldea,0,,,,,,,,
910,pokemon::910,Crocalor,,Fire,,Paldea,0,,,909,pokemon::909,Fuecoco,,,
911,pokemon::911,Skeledirge,,Fire,Ghost,Paldea,0,,,910,pokemon::910,Crocalor,,,
912,pokemon::912,Quaxly,,Water,,Paldea,0,,,,,,,,
913,pokemon::913,Quaxwell,,Water,,Paldea,0,,,912,pokemon::912,Quaxly,,,
914,pokemon::914,Quaquaval,,Water,Fighting,Paldea,0,,,913,pokemon::913,Quaxwell,,,
915,pokemon::915,Lechonk,,Normal,,Paldea,0,,,,,,,,
916,pokemon::916,Oinkologne,,Normal,,Paldea,0,,,915,pokemon::915,Lechonk,,,
917,pokemon::917,Tarountula,,,,Paldea,0,,,,,,,,
918,pokemon::918,Spidops,,,,Paldea,0,,,917,pokemon::917,Tarountula,,,
919,pokemon::919,Nymble,,Bug,,Paldea,0,,,,,,,,
920,pokemon::920,Lokix,,Bug,Dark,Paldea,0,,,919,pokemon::919,Nymble,,,
921,pokemon::921,Pawmi,,Electric,,Paldea,0,,,,,,,,
922,pokemon::922,Pawmo,,Electric,Fighting,Paldea,0,,,921,pokemon::921,Pawmi,,,
923,pokemon::923,Pawmot,,Electric,Fighting,Paldea,0,,,922,pokemon::922,Pawmo,,,
924,pokemon::924,Tandemaus,,Normal,,Paldea,0,,,,,,,,
925,pokemon::925,Maushold,,Normal,,Paldea,0,,,924,pokemon::924,Tandemaus,,,
926,pokemon::926,Fidough,,Fairy,,Paldea,0,,,,,,,,
927,pokemon::927,Dachsbun,,Fairy,,Paldea,0,,,926,pokemon::926,Fidough,,,
928,pokemon::928,Smoliv,,Grass,Normal,Paldea,0,,,,,,,,
929,pokemon::929,Dolliv,,Grass,Normal,Paldea,0,,,928,pokemon::928,Smoliv,,,
930,pokemon::930,Arboliva,,Grass,Normal,Paldea,0,,,929,pokemon::929,Dolliv,,,
931,pokemon::931,Squakabilly,,,,Paldea,0,,,,,,,,
932,pokemon::932,Nacli,,Rock,,Paldea,0,,,,,,,,
933,pokemon::933,Naclstack,,Rock,,Paldea,0,,,932,pokemon::932,Nacli,,,
934,pokemon::934,Garganacl,,Rock,,Paldea,0,,,933,pokemon::933,Naclstack,,,
935,pokemon::935,Charcadet,,Fire,,Paldea,0,,,,,,,,
936,pokemon::936,Armarouge,,Fire,Psychic,Paldea,0,,,935,pokemon::935,Charcadet,,,
937,pokemon::937,Ceruledge,,Fire,Ghost,Paldea,0,,,,,,,,
938,pokemon::938,Tadbulb,,Electric,,Paldea,0,,,,,,,,
939,pokemon::939,Bellibolt,,Electric,,Paldea,0,,,938,pokemon::938,Tadbulb,,,
940,pokemon::940,Wattrel,,,,Paldea,0,,,,,,,,
941,pokemon::941,Kilowattrel,,,,Paldea,0,,,,,,,,
942,pokemon::942,Maschiff,,,,Paldea,0,,,,,,,,
943,pokemon::943,Mabosstiff,,,,Paldea,0,,,,,,,,
944,pokemon::944,Shroodle,,Poison,Normal,Paldea,0,,,,,,,,
945,pokemon::945,Grafaiai,,Poison,Normal,Paldea,0,,,944,pokemon::944,Shroodle,,,
946,pokemon::946,Bramblin,,,,Paldea,0,,,,,,,,
947,pokemon::947,Brambleghast,,,,Paldea,0,,,,,,,,
948,pokemon::948,Toedscool,,Ground,Grass,Paldea,0,,,,,,,,
949,pokemon::949,Toedscruel,,Ground,Grass,Paldea,0,,,948,pokemon::948,Toedscool,,,
950,pokemon::950,Klawf,,Rock,,Paldea,0,,,,,,,,
951,pokemon::951,Capsakid,,,,Paldea,0,,,,,,,,
952,pokemon::952,Sovillain,,,,Paldea,0,,,,,,,,
953,pokemon::953,Rellor,,,,Paldea,0,,,,,,,,
954,pokemon::954,Rabsca,,,,Paldea,0,,,,,,,,
955,pokemon::955,Flittle,,,,Paldea,0,,,,,,,,
956,pokemon::956,Espathra,,,,Paldea,0,,,955,pokemon::955,Flittle,,,
957,pokemon::957,Tinkatink,,Fairy,Steel,Paldea,0,,,,,,,,
958,pokemon::958,Tinkatuff,,Fairy,Steel,Paldea,0,,,957,pokemon::957,Tinkatink,,,
959,pokemon::959,Tinkaton,,Fairy,Steel,Paldea,0,,,958,pokemon::958,Tinkatuff,,,
960,pokemon::960,Wiglett,,Water,,Paldea,0,,,,,,,,
961,pokemon::961,Wugtrio,,Water,,Paldea,0,,,960,pokemon::960,Wiglett,,,
962,pokemon::962,Bombirdier,,Flying,Dark,Paldea,0,,,,,,,,
963,pokemon::963,Finizen,,,,Paldea,0,,,,,,,,
964,pokemon::964,Palafin,,,,Paldea,0,,,,,,,,
965,pokemon::965,Varoom,,Steel,Poison,Paldea,0,,,,,,,,
966,pokemon::966,Revavroom,,Steel,Poison,Paldea,0,,,965,pokemon::965,Varoom,,,
967,pokemon::967,Cyclizar,,,,Paldea,0,,,,,,,,
968,pokemon::968,Orthworm,,,,Paldea,0,,,,,,,,
969,pokemon::969,Glimmet,,,,Paldea,0,,,,,,,,
970,pokemon::970,Glimmora,,,,Paldea,0,,,969,pokemon::969,Glimmet,,,
971,pokemon::971,Greavard,,Ghost,,Paldea,0,,,,,,,,
972,pokemon::972,Houndstone,,Ghost,,Paldea,0,,,971,pokemon::971,Greavard,,,
973,pokemon::973,Flamigo,,,,Paldea,0,,,,,,,,
974,pokemon::974,Cetoddle,,Ice,,Paldea,0,,,,,,,,
975,pokemon::975,Cetitan,,Ice,,Paldea,0,,,974,pokemon::974,Cetoddle,,,
976,pokemon::976,Veluza,,,,Paldea,0,,,,,,,,
977,pokemon::977,Dondozo,,,,Paldea,0,,,,,,,,
978,pokemon::978,Tatsugiri,,,,Paldea,0,,,,,,,,
979,pokemon::979,Annihilape,,Fighting,Ghost,Paldea,0,,,,,,,,
980,pokemon::980,Clodsire,,Poison,Ground,Paldea,0,,,,,,,,
981,pokemon::981,Farigiraf,,,,Paldea,0,,,,,,,,
982,pokemon::982,Dudunsparce,,,,Paldea,0,,,206,pokemon::206,Dunsparce,,,
983,pokemon::983,Kingambit,,,,Paldea,0,,,625,pokemon::625,Bisharp,,,
984,pokemon::984,Great Tusk,,,,Paldea,0,,,,,,,,
985,pokemon::985,Scream Tail,,,,Paldea,0,,,,,,,,
986,pokemon::986,Brute Bonnet,,,,Paldea,0,,,,,,,,
987,pokemon::987,Flutter Mane,,,,Paldea,0,,,,,,,,
988,pokemon::988,Slither Wing,,,,Paldea,0,,,,,,,,
989,pokemon::989,Sandy Shocks,,,,Paldea,0,,,,,,,,
990,pokemon::990,Iron Treads,,,,Paldea,0,,,,,,,,
991,pokemon::991,Iron Bundle,,,,Paldea,0,,,,,,,,
992,pokemon::992,Iron Hangs,,,,Paldea,0,,,,,,,,
993,pokemon::993,Iron Jugulis,,,,Paldea,0,,,,,,,,
994,pokemon::994,Iron Moth,,,,Paldea,0,,,,,,,,
995,pokemon::995,Iron Thorn,,,,Paldea,0,,,,,,,,
996,pokemon::996,Frigibax,,Dragon,Ice,Paldea,0,,,,,,,,
997,pokemon::997,Arctibax,,Dragon,Ice,Paldea,0,,,996,pokemon::996,Frigibax,,,
998,pokemon::998,Baxcalibur,,Dragon,Ice,Paldea,0,,,997,pokemon::997,Arctibax,,,
999,pokemon::999,Gimmighoul,,Ghost,,Paldea,0,,,,,,,,
1000,pokemon::1000,Gholdengo,,Steel,Ghost,Paldea,0,,,,,,,,
1001,pokemon::1001,Wo-Chien,,,,Paldea,0,,,,,,,,
1002,pokemon::1002,Chien-Pao,,,,Paldea,0,,,,,,,,
1003,pokemon::1003,Ting-Lu,,,,Paldea,0,,,,,,,,
1004,pokemon::1004,Chi-Yu,,,,Paldea,0,,,,,,,,
1005,pokemon::1005,Roaring Moon,,,,Paldea,0,,,,,,,,
1006,pokemon::1006,Iron Valiant,,,,Paldea,0,,,,,,,,
1007,pokemon::1007,Koraidon,,,,Paldea,0,,,,,,,,
1008,pokemon::1008,Maraidon,,,,Paldea,0,,,,,,,,
1009,pokemon::1009,Walking Wake,,,,Paldea,0,,,,,,,,
1010,pokemon::1010,Iron Leaves,,,,Paldea,0,,,,,,,,
1011,pokemon::1011,Dipplin,,,,Paldea,0,,,,,,,,
1012,pokemon::1012,Poltchageist,,,,Paldea,0,,,1011,pokemon::1011,Dipplin,,,
1013,pokemon::1013,Sinistcha,,,,Paldea,0,,,1012,pokemon::1012,Poltchageist,,,
1014,pokemon::1014,Okidogi,,,,Paldea,0,,,,,,,,
1015,pokemon::1015,Munkidori,,,,Paldea,0,,,,,,,,
1016,pokemon::1016,Fezandipiti,,,,Paldea,0,,,,,,,,
1017,pokemon::1017,Ogerpon,,,,Paldea,0,,,,,,,,
1018,pokemon::1018,Archaludon,,,,Paldea,0,,,884,pokemon::884,Duraldon,,,
1019,pokemon::1019,Hydrapple,,,,Paldea,0,,,1011,pokemon::1011,Dipplin,,,
1020,pokemon::1020,Gouging Fire,,,,Paldea,0,,,,,,,,
1021,pokemon::1021,Raging Bolt,,,,Paldea,0,,,,,,,,
1022,pokemon::1022,Iron Boulder,,,,Paldea,0,,,,,,,,
1023,pokemon::1023,Iron Crown,,,,Paldea,0,,,,,,,,
1024,pokemon::1024,Terapagos,,,,Paldea,0,,,,,,,,
1025,pokemon::1025,Pecharunt,,,,Paldea,0,,,,,,,,