Pokédex number ,Column6,Pokémon ,Types ,Type 2,Region,Status,Notes
#0001 ,1,Bulbasaur,Grass,Poison,Kanto,1,
#0002 ,2,Ivysaur,Grass,Poison,Kanto,1,
#0003 ,3,Venusaur,Grass,Poison,Kanto,1,
#0003 ,3,Venusaur#Mega,Grass,Poison,Kanto,10,
#0004 ,4,Charmander,Fire,0,Kanto,1,
#0005 ,5,Charmeleon,Fire,0,Kanto,1,
#0006 ,6,Charizard,Fire,Flying,Kanto,1,
#0006 ,6,Charizard#Mega X,Fire,Dragon,Kanto,10,
#0006 ,6,Charizard#Mega Y,Fire,Flying,Kanto,10,
#0007 ,7,Squirtle,Water,0,Kanto,1,
#0008 ,8,Wartortle,Water,0,Kanto,1,
#0009 ,9,Blastoise,Water,0,Kanto,1,
#0009 ,9,Blastoise#Mega,Water,0,Kanto,10,
#0010 ,10,Caterpie,Bug,0,Kanto,1,
#0011 ,11,Metapod,Bug,0,Kanto,1,
#0012 ,12,Butterfree,Bug,Flying,Kanto,1,
#0013 ,13,Weedle,Bug,Poison,Kanto,1,
#0014 ,14,Kakuna,Bug,Poison,Kanto,1,
#0015 ,15,Beedrill,Bug,Poison,Kanto,1,
#0015 ,15,Beedrill#Mega,Bug,Poison,Kanto,10,
#0016 ,16,Pidgey,Normal,Flying,Kanto,1,
#0017 ,17,Pidgeotto,Normal,Flying,Kanto,1,
#0018 ,18,Pidgeot,Normal,Flying,Kanto,1,
#0018 ,18,Pidgeot#Mega,Normal,Flying,Kanto,10,
#0019 ,19,Rattata,Normal,0,Kanto,1,
#0019 ,19,Rattata,Dark,Normal,Kanto,10,
#0020 ,20,Raticate,Normal,0,Kanto,1,
#0020 ,20,Raticate,Dark,Normal,Kanto,10,
#0021 ,21,Spearow,Normal,Flying,Kanto,1,
#0022 ,22,Fearow,Normal,Flying,Kanto,1,
#0023 ,23,Ekans,Poison,0,Kanto,1,
#0024 ,24,Arbok,Poison,0,Kanto,1,
#0025 ,25,Pikachu,Electric,0,Kanto,1,
#0026 ,26,Raichu,Electric,0,Kanto,10,
#0026 ,26,Raichu,Electric,Psychic,Kanto,1,
#0027 ,27,Sandshrew,Ground,0,Kanto,1,
#0027 ,27,Sandshrew,Ice,Steel,Kanto,10,
#0028 ,28,Sandslash,Ground,0,Kanto,10,
#0028 ,28,Sandslash,Ice,Steel,Kanto,1,
#0029 ,29,Nidoran?,Poison,0,Kanto,1,
#0030 ,30,Nidorina,Poison,0,Kanto,1,
#0031 ,31,Nidoqueen,Poison,Ground,Kanto,1,
#0032 ,32,Nidoran?,Poison,0,Kanto,1,
#0033 ,33,Nidorino,Poison,0,Kanto,1,
#0034 ,34,Nidoking,Poison,Ground,Kanto,1,
#0035 ,35,Clefairy,Fairy,0,Kanto,1,
#0036 ,36,Clefable,Fairy,0,Kanto,1,
#0037 ,37,Vulpix,Fire,0,Kanto,1,
#0037 ,37,Vulpix,Ice,0,Kanto,10,
#0038 ,38,Ninetales,Fire,0,Kanto,1,
#0038 ,38,Ninetales,Ice,Fairy,Kanto,10,
#0039 ,39,Jigglypuff,Normal,Fairy,Kanto,1,
#0040 ,40,Wigglytuff,Normal,Fairy,Kanto,1,
#0041 ,41,Zubat,Poison,Flying,Kanto,1,
#0042 ,42,Golbat,Poison,Flying,Kanto,1,
#0043 ,43,Oddish,Grass,Poison,Kanto,1,
#0044 ,44,Gloom,Grass,Poison,Kanto,1,
#0045 ,45,Vileplume,Grass,Poison,Kanto,1,
#0046 ,46,Paras,Bug,Grass,Kanto,1,
#0047 ,47,Parasect,Bug,Grass,Kanto,1,
#0048 ,48,Venonat,Bug,Poison,Kanto,1,
#0049 ,49,Venomoth,Bug,Poison,Kanto,1,
#0050 ,50,Diglett,Ground,0,Kanto,1,
#0050 ,50,Diglett,Ground,Steel,Kanto,10,
#0051 ,51,Dugtrio,Ground,0,Kanto,9,
#0051 ,51,Dugtrio,Ground,Steel,Kanto,1,
#0052 ,52,Meowth,Normal,0,Kanto,1,
#0052 ,52,Meowth,Dark,0,Kanto,10,
#0052 ,52,Meowth,Steel,0,Kanto,10,
#0053 ,53,Persian,Normal,0,Kanto,1,
#0053 ,53,Persian,Dark,0,Kanto,10,
#0054 ,54,Psyduck,Water,0,Kanto,1,
#0055 ,55,Golduck,Water,0,Kanto,1,
#0056 ,56,Mankey,Fighting,0,Kanto,1,
#0057 ,57,Primeape,Fighting,0,Kanto,1,
#0058 ,58,Growlithe,Fire,0,Kanto,1,
#0058 ,58,Growlithe,Fire,Rock,Kanto,10,
#0059 ,59,Arcanine,Fire,0,Kanto,1,
#0059 ,59,Arcanine,Fire,Rock,Kanto,10,
#0060 ,60,Poliwag,Water,0,Kanto,1,
#0061 ,61,Poliwhirl,Water,0,Kanto,1,
#0062 ,62,Poliwrath,Water,Fighting,Kanto,1,
#0063 ,63,Abra,Psychic,0,Kanto,1,
#0064 ,64,Kadabra,Psychic,0,Kanto,1,
#0065 ,65,Alakazam,Psychic,0,Kanto,1,
#0065 ,65,Alakazam#Mega,Psychic,0,Kanto,10,
#0066 ,66,Machop,Fighting,0,Kanto,1,
#0067 ,67,Machoke,Fighting,0,Kanto,1,
#0068 ,68,Machamp,Fighting,0,Kanto,1,
#0069 ,69,Bellsprout,Grass,Poison,Kanto,1,
#0070 ,70,Weepinbell,Grass,Poison,Kanto,1,
#0071 ,71,Victreebel,Grass,Poison,Kanto,1,
#0072 ,72,Tentacool,Water,Poison,Kanto,1,
#0073 ,73,Tentacruel,Water,Poison,Kanto,1,
#0074 ,74,Geodude,Rock,Ground,Kanto,1,
#0074 ,74,Geodude,Rock,Electric,Kanto,10,
#0075 ,75,Graveler,Rock,Ground,Kanto,1,
#0075 ,75,Graveler,Rock,Electric,Kanto,10,
#0076 ,76,Golem,Rock,Ground,Kanto,1,
#0076 ,76,Golem,Rock,Electric,Kanto,10,
#0077 ,77,Ponyta,Fire,0,Kanto,1,
#0077 ,77,Ponyta,Psychic,0,Kanto,10,
#0078 ,78,Rapidash,Fire,0,Kanto,10,
#0078 ,78,Rapidash,Psychic,Fairy,Kanto,1,
#0079 ,79,Slowpoke,Water,Psychic,Kanto,1,
#0079 ,79,Slowpoke,Psychic,0,Kanto,10,
#0080 ,80,Slowbro,Water,Psychic,Kanto,1,
#0080 ,80,Slowbro#Mega,Water,Psychic,Kanto,10,
#0080 ,80,Slowbro,Poison,Psychic,Kanto,9,
#0081 ,81,Magnemite,Electric,Steel,Kanto,1,
#0082 ,82,Magneton,Electric,Steel,Kanto,1,
#0083 ,83,Farfetch'd,Normal,Flying,Kanto,1,
#0083 ,83,Farfetch'd,Fighting,0,Kanto,10,
#0084 ,84,Doduo,Normal,Flying,Kanto,1,
#0085 ,85,Dodrio,Normal,Flying,Kanto,1,
#0086 ,86,Seel,Water,0,Kanto,1,
#0087 ,87,Dewgong,Water,Ice,Kanto,1,
#0088 ,88,Grimer,Poison,0,Kanto,1,
#0088 ,88,Grimer,Poison,Dark,Kanto,10,
#0089 ,89,Muk,Poison,0,Kanto,1,
#0089 ,89,Muk,Poison,Dark,Kanto,10,
#0090 ,90,Shellder,Water,0,Kanto,1,
#0091 ,91,Cloyster,Water,Ice,Kanto,1,
#0092 ,92,Gastly,Ghost,Poison,Kanto,1,
#0093 ,93,Haunter,Ghost,Poison,Kanto,1,
#0094 ,94,Gengar,Ghost,Poison,Kanto,1,
#0094 ,94,Gengar#Mega,Ghost,Poison,Kanto,10,
#0095 ,95,Onix,Rock,Ground,Kanto,1,
#0096 ,96,Drowzee,Psychic,0,Kanto,1,
#0097 ,97,Hypno,Psychic,0,Kanto,1,
#0098 ,98,Krabby,Water,0,Kanto,1,
#0099 ,99,Kingler,Water,0,Kanto,1,
#0100 ,100,Voltorb,Electric,0,Kanto,1,
#0100 ,100,Voltorb,Electric,Grass,Kanto,10,
#0101 ,101,Electrode,Electric,0,Kanto,1,
#0101 ,101,Electrode,Electric,Grass,Kanto,10,
#0102 ,102,Exeggcute,Grass,Psychic,Kanto,1,
#0103 ,103,Exeggutor,Grass,Psychic,Kanto,1,
#0103 ,103,Exeggutor,Grass,Dragon,Kanto,10,
#0104 ,104,Cubone,Ground,0,Kanto,1,
#0105 ,105,Marowak,Ground,0,Kanto,9,
#0105 ,105,Marowak,Fire,Ghost,Kanto,1,
#0106 ,106,Hitmonlee,Fighting,0,Kanto,1,
#0107 ,107,Hitmonchan,Fighting,0,Kanto,1,
#0108 ,108,Lickitung,Normal,0,Kanto,1,
#0109 ,109,Koffing,Poison,0,Kanto,1,
#0110 ,110,Weezing,Poison,0,Kanto,1,
#0110 ,110,Weezing,Poison,Fairy,Kanto,10,
#0111 ,111,Rhyhorn,Ground,Rock,Kanto,1,
#0112 ,112,Rhydon,Ground,Rock,Kanto,1,
#0113 ,113,Chansey,Normal,0,Kanto,1,
#0114 ,114,Tangela,Grass,0,Kanto,1,
#0115 ,115,Kangaskhan,Normal,0,Kanto,1,
#0115 ,115,Kangaskhan#Mega,Normal,0,Kanto,10,
#0116 ,116,Horsea,Water,0,Kanto,1,
#0117 ,117,Seadra,Water,0,Kanto,1,
#0118 ,118,Goldeen,Water,0,Kanto,1,
#0119 ,119,Seaking,Water,0,Kanto,1,
#0120 ,120,Staryu,Water,0,Kanto,1,
#0121 ,121,Starmie,Water,Psychic,Kanto,1,
#0122 ,122,Mr. Mime,Psychic,Fairy,Kanto,1,
#0122 ,122,Mr. Mime,Ice,Psychic,Kanto,10,
#0123 ,123,Scyther,Bug,Flying,Kanto,1,
#0124 ,124,Jynx,Ice,Psychic,Kanto,1,
#0125 ,125,Electabuzz,Electric,0,Kanto,1,
#0126 ,126,Magmar,Fire,0,Kanto,1,
#0127 ,127,Pinsir,Bug,0,Kanto,1,
#0127 ,127,Pinsir#Mega,Bug,Flying,Kanto,10,
#0128 ,128,Tauros,Normal,0,Kanto,1,
#0128 ,128,Tauros,Fighting,0,Kanto,9,
#0128 ,128,Tauros,Fighting,Fire,Kanto,10,
#0128 ,128,Tauros,Fighting,Water,Kanto,10,
#0129 ,129,Magikarp,Water,0,Kanto,1,
#0130 ,130,Gyarados,Water,Flying,Kanto,1,
#0130 ,130,Gyarados#Mega,Water,Dark,Kanto,10,
#0131 ,131,Lapras,Water,Ice,Kanto,1,
#0132 ,132,Ditto,Normal,0,Kanto,1,
#0133 ,133,Eevee,Normal,0,Kanto,1,
#0134 ,134,Vaporeon,Water,0,Kanto,1,
#0135 ,135,Jolteon,Electric,0,Kanto,1,
#0136 ,136,Flareon,Fire,0,Kanto,1,
#0137 ,137,Porygon,Normal,0,Kanto,1,
#0138 ,138,Omanyte,Rock,Water,Kanto,1,
#0139 ,139,Omastar,Rock,Water,Kanto,1,
#0140 ,140,Kabuto,Rock,Water,Kanto,1,
#0141 ,141,Kabutops,Rock,Water,Kanto,1,
#0142 ,142,Aerodactyl,Rock,Flying,Kanto,1,
#0142 ,142,Aerodactyl#Mega,Rock,Flying,Kanto,10,
#0143 ,143,Snorlax,Normal,0,Kanto,1,
#0144 ,144,Articuno,Ice,Flying,Kanto,1,
#0144 ,144,Articuno,Psychic,Flying,Kanto,9,
#0145 ,145,Zapdos,Electric,Flying,Kanto,1,
#0145 ,145,Zapdos,Fighting,Flying,Kanto,10,
#0146 ,146,Moltres,Fire,Flying,Kanto,1,
#0146 ,146,Moltres,Dark,Flying,Kanto,9,
#0147 ,147,Dratini,Dragon,0,Kanto,1,
#0148 ,148,Dragonair,Dragon,0,Kanto,1,
#0149 ,149,Dragonite,Dragon,Flying,Kanto,1,
#0150 ,150,Mewtwo,Psychic,0,Kanto,1,
#0150 ,150,Mewtwo,Psychic,0,Kanto,9,
#0151 ,151,Mew,Psychic,0,Kanto,1,
#0152 ,152,Chikorita,Grass,0,Johto,1,
#0153 ,153,Bayleef,Grass,0,Johto,1,
#0154 ,154,Meganium,Grass,0,Johto,1,
#0155 ,155,Cyndaquil,Fire,0,Johto,1,
#0156 ,156,Quilava,Fire,0,Johto,1,
#0157 ,157,Typhlosion,Fire,0,Johto,1,
#0157 ,157,Typhlosion,Fire,Ghost,Johto,10,
#0158 ,158,Totodile,Water,0,Johto,1,
#0159 ,159,Croconaw,Water,0,Johto,1,
#0160 ,160,Feraligatr,Water,0,Johto,1,
#0161 ,161,Sentret,Normal,0,Johto,1,
#0162 ,162,Furret,Normal,0,Johto,1,
#0163 ,163,Hoothoot,Normal,Flying,Johto,1,
#0164 ,164,Noctowl,Normal,Flying,Johto,1,
#0165 ,165,Ledyba,Bug,Flying,Johto,1,
#0166 ,166,Ledian,Bug,Flying,Johto,1,
#0167 ,167,Spinarak,Bug,Poison,Johto,1,
#0168 ,168,Ariados,Bug,Poison,Johto,1,
#0169 ,169,Crobat,Poison,Flying,Johto,1,
#0170 ,170,Chinchou,Water,Electric,Johto,1,
#0171 ,171,Lanturn,Water,Electric,Johto,1,
#0172 ,172,Pichu,Electric,0,Johto,1,
#0173 ,173,Cleffa,Fairy,0,Johto,1,
#0174 ,174,Igglybuff,Normal,Fairy,Johto,1,
#0175 ,175,Togepi,Fairy,0,Johto,1,
#0176 ,176,Togetic,Fairy,Flying,Johto,1,
#0177 ,177,Natu,Psychic,Flying,Johto,1,
#0178 ,178,Xatu,Psychic,Flying,Johto,1,
#0179 ,179,Mareep,Electric,0,Johto,1,
#0180 ,180,Flaaffy,Electric,0,Johto,1,
#0181 ,181,Ampharos,Electric,0,Johto,1,
#0181 ,181,Ampharos#Mega,Electric,Dragon,Johto,10,
#0182 ,182,Bellossom,Grass,0,Johto,1,
#0183 ,183,Marill,Water,Fairy,Johto,1,
#0184 ,184,Azumarill,Water,Fairy,Johto,1,
#0185 ,185,Sudowoodo,Rock,0,Johto,1,
#0186 ,186,Politoed,Water,0,Johto,1,
#0187 ,187,Hoppip,Grass,Flying,Johto,1,
#0188 ,188,Skiploom,Grass,Flying,Johto,1,
#0189 ,189,Jumpluff,Grass,Flying,Johto,1,
#0190 ,190,Aipom,Normal,0,Johto,1,
#0191 ,191,Sunkern,Grass,0,Johto,1,
#0192 ,192,Sunflora,Grass,0,Johto,1,
#0193 ,193,Yanma,Bug,Flying,Johto,1,
#0194 ,194,Wooper,Water,Ground,Johto,1,
#0194 ,194,Wooper,Poison,Ground,Johto,10,
#0195 ,195,Quagsire,Water,Ground,Johto,1,
#0196 ,196,Espeon,Psychic,0,Johto,1,
#0197 ,197,Umbreon,Dark,0,Johto,1,
#0198 ,198,Murkrow,Dark,Flying,Johto,1,
#0199 ,199,Slowking,Water,Psychic,Johto,1,
#0199 ,199,Slowking,Poison,Psychic,Johto,10,
#0200 ,200,Misdreavus,Ghost,0,Johto,1,
#0201 ,201,Unown,Psychic,0,Johto,1,
#0202 ,202,Wobbuffet,Psychic,0,Johto,1,
#0203 ,203,Girafarig,Normal,Psychic,Johto,1,
#0204 ,204,Pineco,Bug,0,Johto,1,
#0205 ,205,Forretress,Bug,Steel,Johto,1,
#0206 ,206,Dunsparce,Normal,0,Johto,1,
#0207 ,207,Gligar,Ground,Flying,Johto,1,
#0208 ,208,Steelix,Steel,Ground,Johto,1,
#0208 ,208,Steelix#Mega,Steel,Ground,Johto,10,
#0209 ,209,Snubbull,Fairy,0,Johto,1,
#0210 ,210,Granbull,Fairy,0,Johto,1,
#0211 ,211,Qwilfish,Water,Poison,Johto,1,
#0211 ,211,Qwilfish,Dark,Poison,Johto,10,
#0212 ,212,Scizor,Bug,Steel,Johto,1,
#0212 ,212,Scizor#Mega,Bug,Steel,Johto,10,
#0213 ,213,Shuckle,Bug,Rock,Johto,1,
#0214 ,214,Heracross,Bug,Fighting,Johto,1,
#0214 ,214,Heracross#Mega,Bug,Fighting,Johto,10,
#0215 ,215,Sneasel,Dark,Ice,Johto,1,
#0215 ,215,Sneasel,Fighting,Poison,Johto,10,
#0216 ,216,Teddiursa,Normal,0,Johto,1,
#0217 ,217,Ursaring,Normal,0,Johto,1,
#0218 ,218,Slugma,Fire,0,Johto,1,
#0219 ,219,Magcargo,Fire,Rock,Johto,1,
#0220 ,220,Swinub,Ice,Ground,Johto,1,
#0221 ,221,Piloswine,Ice,Ground,Johto,1,
#0222 ,222,Corsola,Water,Rock,Johto,1,
#0222 ,222,Corsola,Ghost,0,Johto,10,
#0223 ,223,Remoraid,Water,0,Johto,1,
#0224 ,224,Octillery,Water,0,Johto,1,
#0225 ,225,Delibird,Ice,Flying,Johto,1,
#0226 ,226,Mantine,Water,Flying,Johto,1,
#0227 ,227,Skarmory,Steel,Flying,Johto,1,
#0228 ,228,Houndour,Dark,Fire,Johto,1,
#0229 ,229,Houndoom,Dark,Fire,Johto,1,
#0229 ,229,Houndoom#Mega,Dark,Fire,Johto,10,
#0230 ,230,Kingdra,Water,Dragon,Johto,1,
#0231 ,231,Phanpy,Ground,0,Johto,1,
#0232 ,232,Donphan,Ground,0,Johto,1,
#0233 ,233,Porygon2,Normal,0,Johto,1,
#0234 ,234,Stantler,Normal,0,Johto,1,
#0235 ,235,Smeargle,Normal,0,Johto,1,
#0236 ,236,Tyrogue,Fighting,0,Johto,1,
#0237 ,237,Hitmontop,Fighting,0,Johto,1,
#0238 ,238,Smoochum,Ice,Psychic,Johto,1,
#0239 ,239,Elekid,Electric,0,Johto,1,
#0240 ,240,Magby,Fire,0,Johto,1,
#0241 ,241,Miltank,Normal,0,Johto,1,
#0242 ,242,Blissey,Normal,0,Johto,1,
#0243 ,243,Raikou,Electric,0,Johto,1,
#0244 ,244,Entei,Fire,0,Johto,1,
#0245 ,245,Suicune,Water,0,Johto,1,
#0246 ,246,Larvitar,Rock,Ground,Johto,1,
#0247 ,247,Pupitar,Rock,Ground,Johto,1,
#0248 ,248,Tyranitar,Rock,Dark,Johto,1,
#0248 ,248,Tyranitar#Mega,Rock,Dark,Johto,10,
#0249 ,249,Lugia,Psychic,Flying,Johto,1,
#0250 ,250,Ho-Oh,Fire,Flying,Johto,1,
#0251 ,251,Celebi,Psychic,Grass,Johto,1,
#0252 ,252,Treecko,Grass,0,Hoenn,1,
#0253 ,253,Grovyle,Grass,0,Hoenn,1,
#0254 ,254,Sceptile,Grass,0,Hoenn,1,
#0254 ,254,Sceptile#Mega,Grass,Dragon,Hoenn,10,
#0255 ,255,Torchic,Fire,0,Hoenn,1,
#0256 ,256,Combusken,Fire,Fighting,Hoenn,2,
#0257 ,257,Blaziken,Fire,Fighting,Hoenn,1,
#0257 ,257,Blaziken#Mega,Fire,Fighting,Hoenn,10,
#0258 ,258,Mudkip,Water,0,Hoenn,1,
#0259 ,259,Marshtomp,Water,Ground,Hoenn,1,
#0260 ,260,Swampert,Water,Ground,Hoenn,1,
#0260 ,260,Swampert#Mega,Water,Ground,Hoenn,10,
#0261 ,261,Poochyena,Dark,0,Hoenn,1,
#0262 ,262,Mightyena,Dark,0,Hoenn,1,
#0263 ,263,Zigzagoon,Normal,0,Hoenn,1,
#0263 ,263,Zigzagoon,Dark,Normal,Hoenn,10,
#0264 ,264,Linoone,Normal,0,Hoenn,1,
#0264 ,264,Linoone,Dark,Normal,Hoenn,10,
#0265 ,265,Wurmple,Bug,0,Hoenn,1,
#0266 ,266,Silcoon,Bug,0,Hoenn,1,
#0267 ,267,Beautifly,Bug,Flying,Hoenn,2,
#0268 ,268,Cascoon,Bug,0,Hoenn,1,
#0269 ,269,Dustox,Bug,Poison,Hoenn,2,
#0270 ,270,Lotad,Water,Grass,Hoenn,1,
#0271 ,271,Lombre,Water,Grass,Hoenn,1,
#0272 ,272,Ludicolo,Water,Grass,Hoenn,1,
#0273 ,273,Seedot,Grass,0,Hoenn,1,
#0274 ,274,Nuzleaf,Grass,Dark,Hoenn,1,
#0275 ,275,Shiftry,Grass,Dark,Hoenn,1,
#0276 ,276,Taillow,Normal,Flying,Hoenn,1,
#0277 ,277,Swellow,Normal,Flying,Hoenn,1,
#0278 ,278,Wingull,Water,Flying,Hoenn,1,
#0279 ,279,Pelipper,Water,Flying,Hoenn,1,
#0280 ,280,Ralts,Psychic,Fairy,Hoenn,1,
#0281 ,281,Kirlia,Psychic,Fairy,Hoenn,1,
#0282 ,282,Gardevoir,Psychic,Fairy,Hoenn,1,
#0282 ,282,Gardevoir#Mega,Psychic,Fairy,Hoenn,10,
#0283 ,283,Surskit,Bug,Water,Hoenn,1,
#0284 ,284,Masquerain,Bug,Flying,Hoenn,1,
#0285 ,285,Shroomish,Grass,0,Hoenn,1,
#0286 ,286,Breloom,Grass,Fighting,Hoenn,1,
#0287 ,287,Slakoth,Normal,0,Hoenn,1,
#0288 ,288,Vigoroth,Normal,0,Hoenn,1,
#0289 ,289,Slaking,Normal,0,Hoenn,1,
#0290 ,290,Nincada,Bug,Ground,Hoenn,1,
#0291 ,291,Ninjask,Bug,Flying,Hoenn,2,
#0292 ,292,Shedinja,Bug,Ghost,Hoenn,1,
#0293 ,293,Whismur,Normal,0,Hoenn,1,
#0294 ,294,Loudred,Normal,0,Hoenn,1,
#0295 ,295,Exploud,Normal,0,Hoenn,1,
#0296 ,296,Makuhita,Fighting,0,Hoenn,1,
#0297 ,297,Hariyama,Fighting,0,Hoenn,1,
#0298 ,298,Azurill,Normal,Fairy,Hoenn,1,
#0299 ,299,Nosepass,Rock,0,Hoenn,1,
#0300 ,300,Skitty,Normal,0,Hoenn,1,
#0301 ,301,Delcatty,Normal,0,Hoenn,1,
#0302 ,302,Sableye,Dark,Ghost,Hoenn,1,
#0302 ,302,Sableye#Mega,Dark,Ghost,Hoenn,10,
#0303 ,303,Mawile,Steel,Fairy,Hoenn,1,
#0303 ,303,Mawile#Mega,Steel,Fairy,Hoenn,10,
#0304 ,304,Aron,Steel,Rock,Hoenn,1,
#0305 ,305,Lairon,Steel,Rock,Hoenn,1,
#0306 ,306,Aggron,Steel,Rock,Hoenn,1,
#0306 ,306,Aggron#Mega,Steel,0,Hoenn,10,
#0307 ,307,Meditite,Fighting,Psychic,Hoenn,1,
#0308 ,308,Medicham,Fighting,Psychic,Hoenn,1,
#0308 ,308,Medicham#Mega,Fighting,Psychic,Hoenn,10,
#0309 ,309,Electrike,Electric,0,Hoenn,1,
#0310 ,310,Manectric,Electric,0,Hoenn,1,
#0310 ,310,Manectric#Mega,Electric,0,Hoenn,10,
#0311 ,311,Plusle,Electric,0,Hoenn,1,
#0312 ,312,Minun,Electric,0,Hoenn,1,
#0313 ,313,Volbeat,Bug,0,Hoenn,1,
#0314 ,314,Illumise,Bug,0,Hoenn,1,
#0315 ,315,Roselia,Grass,Poison,Hoenn,1,
#0316 ,316,Gulpin,Poison,0,Hoenn,1,
#0317 ,317,Swalot,Poison,0,Hoenn,1,
#0318 ,318,Carvanha,Water,Dark,Hoenn,1,
#0319 ,319,Sharpedo,Water,Dark,Hoenn,1,
#0320 ,320,Wailmer,Water,0,Hoenn,1,
#0321 ,321,Wailord,Water,0,Hoenn,2,
#0322 ,322,Numel,Fire,Ground,Hoenn,1,
#0323 ,323,Camerupt,Fire,Ground,Hoenn,1,
#0324 ,324,Torkoal,Fire,0,Hoenn,1,
#0325 ,325,Spoink,Psychic,0,Hoenn,1,
#0326 ,326,Grumpig,Psychic,0,Hoenn,1,
#0327 ,327,Spinda,Normal,0,Hoenn,1,
#0328 ,328,Trapinch,Ground,0,Hoenn,1,
#0329 ,329,Vibrava,Ground,Dragon,Hoenn,1,
#0330 ,330,Flygon,Ground,Dragon,Hoenn,1,
#0331 ,331,Cacnea,Grass,0,Hoenn,1,
#0332 ,332,Cacturne,Grass,Dark,Hoenn,1,
#0333 ,333,Swablu,Normal,Flying,Hoenn,1,
#0334 ,334,Altaria,Dragon,Flying,Hoenn,1,
#0334 ,334,Altaria#Mega,Dragon,Fairy,Hoenn,10,
#0335 ,335,Zangoose,Normal,0,Hoenn,1,
#0336 ,336,Seviper,Poison,0,Hoenn,1,Regional
#0337 ,337,Lunatone,Rock,Psychic,Hoenn,1,
#0338 ,338,Solrock,Rock,Psychic,Hoenn,1,
#0339 ,339,Barboach,Water,Ground,Hoenn,1,
#0340 ,340,Whiscash,Water,Ground,Hoenn,2,
#0341 ,341,Corphish,Water,0,Hoenn,1,
#0342 ,342,Crawdaunt,Water,Dark,Hoenn,2,
#0343 ,343,Baltoy,Ground,Psychic,Hoenn,1,
#0344 ,344,Claydol,Ground,Psychic,Hoenn,1,
#0345 ,345,Lileep,Rock,Grass,Hoenn,1,
#0346 ,346,Cradily,Rock,Grass,Hoenn,1,
#0347 ,347,Anorith,Rock,Bug,Hoenn,1,
#0348 ,348,Armaldo,Rock,Bug,Hoenn,1,
#0349 ,349,Feebas,Water,0,Hoenn,1,
#0350 ,350,Milotic,Water,0,Hoenn,1,
#0351 ,351,Castform,Normal,0,Hoenn,1,
#0351 ,351,Castform,Fire,0,Hoenn,10,
#0351 ,351,Castform,Water,0,Hoenn,10,
#0351 ,351,Castform,Ice,0,Hoenn,9,
#0352 ,352,Kecleon,Normal,0,Hoenn,1,
#0353 ,353,Shuppet,Ghost,0,Hoenn,1,
#0354 ,354,Banette,Ghost,0,Hoenn,1,
#0354 ,354,Banette#Mega,Ghost,0,Hoenn,10,
#0355 ,355,Duskull,Ghost,0,Hoenn,1,
#0356 ,356,Dusclops,Ghost,0,Hoenn,1,
#0357 ,357,Tropius,Grass,Flying,Hoenn,,Regional
#0358 ,358,Chimecho,Psychic,0,Hoenn,1,
#0359 ,359,Absol,Dark,0,Hoenn,1,
#0359 ,359,Absol#Mega,Dark,0,Hoenn,10,
#0360 ,360,Wynaut,Psychic,0,Hoenn,1,
#0361 ,361,Snorunt,Ice,0,Hoenn,1,
#0362 ,362,Glalie,Ice,0,Hoenn,1,
#0362 ,362,Glalie#Mega,Ice,0,Hoenn,10,
#0363 ,363,Spheal,Ice,Water,Hoenn,1,
#0364 ,364,Sealeo,Ice,Water,Hoenn,1,
#0365 ,365,Walrein,Ice,Water,Hoenn,1,
#0366 ,366,Clamperl,Water,0,Hoenn,1,
#0367 ,367,Huntail,Water,0,Hoenn,1,
#0368 ,368,Gorebyss,Water,0,Hoenn,1,
#0369 ,369,Relicanth,Water,Rock,Hoenn,,Regional
#0370 ,370,Luvdisc,Water,0,Hoenn,1,
#0371 ,371,Bagon,Dragon,0,Hoenn,1,
#0372 ,372,Shelgon,Dragon,0,Hoenn,1,
#0373 ,373,Salamence,Dragon,Flying,Hoenn,1,
#0373 ,373,Salamence#Mega,Dragon,Flying,Hoenn,10,
#0374 ,374,Beldum,Steel,Psychic,Hoenn,1,
#0375 ,375,Metang,Steel,Psychic,Hoenn,1,
#0376 ,376,Metagross,Steel,Psychic,Hoenn,1,
#0377 ,377,Regirock,Rock,0,Hoenn,1,
#0378 ,378,Regice,Ice,0,Hoenn,1,
#0379 ,379,Registeel,Steel,0,Hoenn,1,
#0380 ,380,Latias,Dragon,Psychic,Hoenn,1,
#0380 ,380,Latias#Mega,Dragon,Psychic,Hoenn,10,
#0381 ,381,Latios,Dragon,Psychic,Hoenn,1,
#0381 ,381,Latios#Mega,Dragon,Psychic,Hoenn,10,
#0382 ,382,Kyogre,Water,0,Hoenn,1,
#0382 ,382,Kyogre#Primal,Water,0,Hoenn,10,
#0383 ,383,Groudon,Ground,0,Hoenn,1,
#0383 ,383,Groudon#Primal,Ground,Fire,Hoenn,9,
#0384 ,384,Rayquaza,Dragon,Flying,Hoenn,1,
#0384 ,384,Rayquaza#Mega,Dragon,Flying,Hoenn,10,
#0385 ,385,Jirachi,Steel,Psychic,Hoenn,1,
#0386 ,386,Deoxys,Psychic,0,Hoenn,1,
#0386 ,386,Deoxys,Psychic,0,Hoenn,10,
#0386 ,386,Deoxys,Psychic,0,Hoenn,10,
#0386 ,386,Deoxys,Psychic,0,Hoenn,10,
#0387 ,387,Turtwig,Grass,0,Sinnoh,1,
#0388 ,388,Grotle,Grass,0,Sinnoh,1,
#0389 ,389,Torterra,Grass,Ground,Sinnoh,2,
#0390 ,390,Chimchar,Fire,0,Sinnoh,1,
#0391 ,391,Monferno,Fire,Fighting,Sinnoh,1,
#0392 ,392,Infernape,Fire,Fighting,Sinnoh,1,
#0393 ,393,Piplup,Water,0,Sinnoh,1,
#0394 ,394,Prinplup,Water,0,Sinnoh,1,
#0395 ,395,Empoleon,Water,Steel,Sinnoh,1,
#0396 ,396,Starly,Normal,Flying,Sinnoh,1,
#0397 ,397,Staravia,Normal,Flying,Sinnoh,1,
#0398 ,398,Staraptor,Normal,Flying,Sinnoh,1,
#0399 ,399,Bidoof,Normal,0,Sinnoh,1,
#0400 ,400,Bibarel,Normal,Water,Sinnoh,1,
#0401 ,401,Kricketot,Bug,0,Sinnoh,1,
#0402 ,402,Kricketune,Bug,0,Sinnoh,1,
#0403 ,403,Shinx,Electric,0,Sinnoh,1,
#0404 ,404,Luxio,Electric,0,Sinnoh,1,
#0405 ,405,Luxray,Electric,0,Sinnoh,1,
#0406 ,406,Budew,Grass,Poison,Sinnoh,1,
#0407 ,407,Roserade,Grass,Poison,Sinnoh,2,
#0408 ,408,Cranidos,Rock,0,Sinnoh,1,
#0409 ,409,Rampardos,Rock,0,Sinnoh,2,
#0410 ,410,Shieldon,Rock,Steel,Sinnoh,1,
#0411 ,411,Bastiodon,Rock,Steel,Sinnoh,2,
#0412 ,412,Burmy,Bug,0,Sinnoh,1,
#0413 ,413,Wormadam,Bug,Grass,Sinnoh,2,
#0414 ,414,Mothim,Bug,Flying,Sinnoh,2,
#0415 ,415,Combee,Bug,Flying,Sinnoh,1,
#0416 ,416,Vespiquen,Bug,Flying,Sinnoh,1,
#0417 ,417,Pachirisu,Electric,0,Sinnoh,1,
#0418 ,418,Buizel,Water,0,Sinnoh,1,
#0419 ,419,Floatzel,Water,0,Sinnoh,1,
#0420 ,420,Cherubi,Grass,0,Sinnoh,1,
#0421 ,421,Cherrim,Grass,0,Sinnoh,1,
#0422 ,422,Shellos,Water,0,Sinnoh,1,
#0423 ,423,Gastrodon,Water,Ground,Sinnoh,1,
#0424 ,424,Ambipom,Normal,0,Sinnoh,2,
#0425 ,425,Drifloon,Ghost,Flying,Sinnoh,1,
#0426 ,426,Drifblim,Ghost,Flying,Sinnoh,1,
#0427 ,427,Buneary,Normal,0,Sinnoh,1,
#0428 ,428,Lopunny,Normal,0,Sinnoh,1,
#0428 ,428,Lopunny#Mega,Normal,Fighting,Sinnoh,10,
#0429 ,429,Mismagius,Ghost,0,Sinnoh,1,
#0430 ,430,Honchkrow,Dark,Flying,Sinnoh,1,
#0431 ,431,Glameow,Normal,0,Sinnoh,1,
#0432 ,432,Purugly,Normal,0,Sinnoh,1,
#0433 ,433,Chingling,Psychic,0,Sinnoh,1,
#0434 ,434,Stunky,Poison,Dark,Sinnoh,1,
#0435 ,435,Skuntank,Poison,Dark,Sinnoh,1,
#0436 ,436,Bronzor,Steel,Psychic,Sinnoh,1,
#0437 ,437,Bronzong,Steel,Psychic,Sinnoh,1,
#0438 ,438,Bonsly,Rock,0,Sinnoh,1,
#0439 ,439,Mime Jr.,Psychic,Fairy,Sinnoh,,Regional
#0440 ,440,Happiny,Normal,0,Sinnoh,1,
#0441 ,441,Chatot,Normal,Flying,Sinnoh,1,
#0442 ,442,Spiritomb,Ghost,Dark,Sinnoh,1,
#0443 ,443,Gible,Dragon,Ground,Sinnoh,1,
#0444 ,444,Gabite,Dragon,Ground,Sinnoh,2,
#0445 ,445,Garchomp,Dragon,Ground,Sinnoh,1,
#0445 ,445,Garchomp#Mega,Dragon,Ground,Sinnoh,10,
#0446 ,446,Munchlax,Normal,0,Sinnoh,1,
#0447 ,447,Riolu,Fighting,0,Sinnoh,1,
#0448 ,448,Lucario,Fighting,Steel,Sinnoh,1,
#0448 ,448,Lucario#Mega,Fighting,Steel,Sinnoh,10,
#0449 ,449,Hippopotas,Ground,0,Sinnoh,1,
#0450 ,450,Hippowdon,Ground,0,Sinnoh,1,
#0451 ,451,Skorupi,Poison,Bug,Sinnoh,1,
#0452 ,452,Drapion,Poison,Dark,Sinnoh,1,
#0453 ,453,Croagunk,Poison,Fighting,Sinnoh,1,
#0454 ,454,Toxicroak,Poison,Fighting,Sinnoh,1,
#0455 ,455,Carnivine,Grass,0,Sinnoh,1,Regional
#0456 ,456,Finneon,Water,0,Sinnoh,1,
#0457 ,457,Lumineon,Water,0,Sinnoh,1,
#0458 ,458,Mantyke,Water,Flying,Sinnoh,1,
#0459 ,459,Snover,Grass,Ice,Sinnoh,1,
#0460 ,460,Abomasnow,Grass,Ice,Sinnoh,1,
#0460 ,460,Abomasnow#Mega,Grass,Ice,Sinnoh,10,
#0461 ,461,Weavile,Dark,Ice,Sinnoh,1,
#0462 ,462,Magnezone,Electric,Steel,Sinnoh,1,
#0463 ,463,Lickilicky,Normal,0,Sinnoh,2,
#0464 ,464,Rhyperior,Ground,Rock,Sinnoh,1,
#0465 ,465,Tangrowth,Grass,0,Sinnoh,1,
#0466 ,466,Electivire,Electric,0,Sinnoh,1,
#0467 ,467,Magmortar,Fire,0,Sinnoh,1,
#0468 ,468,Togekiss,Fairy,Flying,Sinnoh,2,
#0469 ,469,Yanmega,Bug,Flying,Sinnoh,2,
#0470 ,470,Leafeon,Grass,0,Sinnoh,1,
#0471 ,471,Glaceon,Ice,0,Sinnoh,1,
#0472 ,472,Gliscor,Ground,Flying,Sinnoh,1,
#0473 ,473,Mamoswine,Ice,Ground,Sinnoh,2,
#0474 ,474,Porygon-Z,Normal,0,Sinnoh,2,
#0475 ,475,Gallade,Psychic,Fighting,Sinnoh,1,
#0475 ,475,Gallade#Mega,Psychic,Fighting,Sinnoh,10,
#0476 ,476,Probopass,Rock,Steel,Sinnoh,1,
#0477 ,477,Dusknoir,Ghost,0,Sinnoh,2,
#0478 ,478,Froslass,Ice,Ghost,Sinnoh,2,
#0479 ,479,Rotom,Electric,Ghost,Sinnoh,1,
#0479 ,479,Rotom,Electric,Fire,Sinnoh,9,
#0479 ,479,Rotom,Electric,Water,Sinnoh,9,
#0479 ,479,Rotom,Electric,Ice,Sinnoh,9,
#0479 ,479,Rotom,Electric,Flying,Sinnoh,9,
#0479 ,479,Rotom,Electric,Grass,Sinnoh,9,
#0480 ,480,Uxie,Psychic,0,Sinnoh,1,
#0481 ,481,Mesprit,Psychic,0,Sinnoh,1,Regional
#0482 ,482,Azelf,Psychic,0,Sinnoh,1,Regional
#0483 ,483,Dialga,Steel,Dragon,Sinnoh,1,
#0483 ,483,Dialga,Steel,Dragon,Sinnoh,10,
#0484 ,484,Palkia,Water,Dragon,Sinnoh,1,
#0484 ,484,Palkia,Water,Dragon,Sinnoh,10,
#0485 ,485,Heatran,Fire,Steel,Sinnoh,1,
#0486 ,486,Regigigas,Normal,0,Sinnoh,1,
#0487 ,487,Giratina,Ghost,Dragon,Sinnoh,1,
#0487 ,487,Giratina,Ghost,Dragon,Sinnoh,10,
#0488 ,488,Cresselia,Psychic,0,Sinnoh,1,
#0489,489,Phione,,,Sinnoh,,Unreleased
#0490,490,Manaphy,,,Sinnoh,,Unreleased
#0491 ,491,Darkrai,Dark,0,Sinnoh,1,
#0492 ,492,Shaymin,Grass,0,Sinnoh,1,
#0492 ,492,Shaymin,Grass,Flying,Sinnoh,10,
#0493,493,Arceus,,,Sinnoh,,Unreleased
#0494 ,494,Victini,Psychic,Fire,Unova,1,
#0495 ,495,Snivy,Grass,0,Unova,1,
#0496 ,496,Servine,Grass,0,Unova,1,
#0497 ,497,Serperior,Grass,0,Unova,1,
#0498 ,498,Tepig,Fire,0,Unova,1,
#0499 ,499,Pignite,Fire,Fighting,Unova,1,
#0500 ,500,Emboar,Fire,Fighting,Unova,1,
#0501 ,501,Oshawott,Water,0,Unova,1,
#0502 ,502,Dewott,Water,0,Unova,1,
#0503 ,503,Samurott,Water,0,Unova,9,
#0503 ,503,Samurott,Water,Dark,Unova,1,
#0504 ,504,Patrat,Normal,0,Unova,1,
#0505 ,505,Watchog,Normal,0,Unova,2,
#0506 ,506,Lillipup,Normal,0,Unova,1,
#0507 ,507,Herdier,Normal,0,Unova,1,
#0508 ,508,Stoutland,Normal,0,Unova,1,
#0509 ,509,Purrloin,Dark,0,Unova,1,
#0510 ,510,Liepard,Dark,0,Unova,1,
#0511 ,511,Pansage,Grass,0,Unova,1,
#0512 ,512,Simisage,Grass,0,Unova,1,
#0513 ,513,Pansear,Fire,0,Unova,1,
#0514 ,514,Simisear,Fire,0,Unova,1,Regional
#0515 ,515,Panpour,Water,0,Unova,1,
#0516 ,516,Simipour,Water,0,Unova,1,Regional
#0517 ,517,Munna,Psychic,0,Unova,1,
#0518 ,518,Musharna,Psychic,0,Unova,1,
#0519 ,519,Pidove,Normal,Flying,Unova,1,
#0520 ,520,Tranquill,Normal,Flying,Unova,1,
#0521 ,521,Unfezant,Normal,Flying,Unova,1,
#0522 ,522,Blitzle,Electric,0,Unova,1,
#0523 ,523,Zebstrika,Electric,0,Unova,2,
#0524 ,524,Roggenrola,Rock,0,Unova,1,
#0525 ,525,Boldore,Rock,0,Unova,1,
#0526 ,526,Gigalith,Rock,0,Unova,1,
#0527 ,527,Woobat,Psychic,Flying,Unova,1,
#0528 ,528,Swoobat,Psychic,Flying,Unova,1,
#0529 ,529,Drilbur,Ground,0,Unova,1,
#0530 ,530,Excadrill,Ground,Steel,Unova,1,
#0531 ,531,Audino,Normal,0,Unova,1,
#0531 ,531,Audino#Mega,Normal,Fairy,Unova,9,
#0532 ,532,Timburr,Fighting,0,Unova,1,
#0533 ,533,Gurdurr,Fighting,0,Unova,1,
#0534 ,534,Conkeldurr,Fighting,0,Unova,1,
#0535 ,535,Tympole,Water,0,Unova,1,
#0536 ,536,Palpitoad,Water,Ground,Unova,1,
#0537 ,537,Seismitoad,Water,Ground,Unova,1,
#0538 ,538,Throh,Fighting,0,Unova,1,
#0539 ,539,Sawk,Fighting,0,Unova,1,
#0540 ,540,Sewaddle,Bug,Grass,Unova,1,
#0541 ,541,Swadloon,Bug,Grass,Unova,1,
#0542 ,542,Leavanny,Bug,Grass,Unova,1,
#0543 ,543,Venipede,Bug,Poison,Unova,1,
#0544 ,544,Whirlipede,Bug,Poison,Unova,1,
#0545 ,545,Scolipede,Bug,Poison,Unova,1,
#0546 ,546,Cottonee,Grass,Fairy,Unova,1,
#0547 ,547,Whimsicott,Grass,Fairy,Unova,1,
#0548 ,548,Petilil,Grass,0,Unova,1,
#0549 ,549,Lilligant,Grass,0,Unova,1,45850
#0550 ,550,Basculin,Water,0,Unova,1,
#0551 ,551,Sandile,Ground,Dark,Unova,1,
#0552 ,552,Krokorok,Ground,Dark,Unova,2,
#0553 ,553,Krookodile,Ground,Dark,Unova,2,
#0554 ,554,Darumaka,Fire,0,Unova,1,
#0554 ,554,Darumaka,Ice,0,Unova,10,
#0555 ,555,Darmanitan,Fire,0,Unova,1,
#0555 ,555,Darmanitan,Ice,0,Unova,10,
#0556 ,556,Maractus,Grass,0,Unova,1,Regional
#0557 ,557,Dwebble,Bug,Rock,Unova,1,
#0558 ,558,Crustle,Bug,Rock,Unova,1,
#0559 ,559,Scraggy,Dark,Fighting,Unova,1,
#0560 ,560,Scrafty,Dark,Fighting,Unova,1,
#0561 ,561,Sigilyph,Psychic,Flying,Unova,,Regional
#0562 ,562,Yamask,Ghost,0,Unova,1,
#0562 ,562,Yamask,Ground,Ghost,Unova,10,
#0563 ,563,Cofagrigus,Ghost,0,Unova,1,
#0564 ,564,Tirtouga,Water,Rock,Unova,1,
#0565 ,565,Carracosta,Water,Rock,Unova,2,
#0566 ,566,Archen,Rock,Flying,Unova,1,
#0567 ,567,Archeops,Rock,Flying,Unova,2,
#0568 ,568,Trubbish,Poison,0,Unova,1,
#0569 ,569,Garbodor,Poison,0,Unova,1,
#0570 ,570,Zorua,Dark,0,Unova,1,45846
#0571 ,571,Zoroark,Dark,0,Unova,2,45846
#0572 ,572,Minccino,Normal,0,Unova,1,
#0573 ,573,Cinccino,Normal,0,Unova,1,
#0574 ,574,Gothita,Psychic,0,Unova,1,
#0575 ,575,Gothorita,Psychic,0,Unova,1,
#0576 ,576,Gothitelle,Psychic,0,Unova,1,
#0577 ,577,Solosis,Psychic,0,Unova,1,
#0578 ,578,Duosion,Psychic,0,Unova,2,
#0579 ,579,Reuniclus,Psychic,0,Unova,2,
#0580 ,580,Ducklett,Water,Flying,Unova,1,
#0581 ,581,Swanna,Water,Flying,Unova,1,
#0582 ,582,Vanillite,Ice,0,Unova,1,
#0583 ,583,Vanillish,Ice,0,Unova,1,
#0584 ,584,Vanilluxe,Ice,0,Unova,2,
#0585 ,585,Deerling,Normal,Grass,Unova,1,
#0586 ,586,Sawsbuck,Normal,Grass,Unova,2,
#0587 ,587,Emolga,Electric,Flying,Unova,1,
#0588 ,588,Karrablast,Bug,0,Unova,1,
#0589 ,589,Escavalier,Bug,Steel,Unova,1,
#0590 ,590,Foongus,Grass,Poison,Unova,1,
#0591 ,591,Amoonguss,Grass,Poison,Unova,1,
#0592 ,592,Frillish,Water,Ghost,Unova,1,
#0593 ,593,Jellicent,Water,Ghost,Unova,1,
#0594 ,594,Alomomola,Water,0,Unova,1,
#0595 ,595,Joltik,Bug,Electric,Unova,1,
#0596 ,596,Galvantula,Bug,Electric,Unova,1,
#0597 ,597,Ferroseed,Grass,Steel,Unova,1,
#0598 ,598,Ferrothorn,Grass,Steel,Unova,1,
#0599 ,599,Klink,Steel,0,Unova,1,
#0600 ,600,Klang,Steel,0,Unova,2,
#0601 ,601,Klinklang,Steel,0,Unova,2,
#0602 ,602,Tynamo,Electric,0,Unova,1,
#0603 ,603,Eelektrik,Electric,0,Unova,1,
#0604 ,604,Eelektross,Electric,0,Unova,2,
#0605 ,605,Elgyem,Psychic,0,Unova,1,
#0606 ,606,Beheeyem,Psychic,0,Unova,2,
#0607 ,607,Litwick,Ghost,Fire,Unova,1,
#0608 ,608,Lampent,Ghost,Fire,Unova,1,
#0609 ,609,Chandelure,Ghost,Fire,Unova,1,
#0610 ,610,Axew,Dragon,0,Unova,1,
#0611 ,611,Fraxure,Dragon,0,Unova,1,
#0612 ,612,Haxorus,Dragon,0,Unova,1,
#0613 ,613,Cubchoo,Ice,0,Unova,1,
#0614 ,614,Beartic,Ice,0,Unova,1,
#0615 ,615,Cryogonal,Ice,0,Unova,1,
#0616 ,616,Shelmet,Bug,0,Unova,1,
#0617 ,617,Accelgor,Bug,0,Unova,1,
#0618 ,618,Stunfisk,Ground,Electric,Unova,1,
#0618 ,618,Stunfisk,Ground,Steel,Unova,10,
#0619 ,619,Mienfoo,Fighting,0,Unova,1,
#0620 ,620,Mienshao,Fighting,0,Unova,1,
#0621 ,621,Druddigon,Dragon,0,Unova,1,
#0622 ,622,Golett,Ground,Ghost,Unova,1,
#0623 ,623,Golurk,Ground,Ghost,Unova,1,
#0624 ,624,Pawniard,Dark,Steel,Unova,1,
#0625 ,625,Bisharp,Dark,Steel,Unova,1,
#0626 ,626,Bouffalant,Normal,0,Unova,,Regional
#0627 ,627,Rufflet,Normal,Flying,Unova,1,
#0628 ,628,Braviary,Normal,Flying,Unova,10,
#0628 ,628,Braviary,Psychic,Flying,Unova,1,
#0629 ,629,Vullaby,Dark,Flying,Unova,1,
#0630 ,630,Mandibuzz,Dark,Flying,Unova,1,
#0631 ,631,Heatmor,Fire,0,Unova,1,
#0632 ,632,Durant,Bug,Steel,Unova,1,Regional
#0633 ,633,Deino,Dark,Dragon,Unova,1,
#0634 ,634,Zweilous,Dark,Dragon,Unova,1,
#0635 ,635,Hydreigon,Dark,Dragon,Unova,1,
#0636 ,636,Larvesta,Bug,Fire,Unova,1,
#0637 ,637,Volcarona,Bug,Fire,Unova,2,
#0638 ,638,Cobalion,Steel,Fighting,Unova,1,
#0639 ,639,Terrakion,Rock,Fighting,Unova,1,
#0640 ,640,Virizion,Grass,Fighting,Unova,1,
#0641 ,641,Tornadus,Flying,0,Unova,1,
#0641 ,641,Tornadus,Flying,0,Unova,9,
#0642 ,642,Thundurus,Electric,Flying,Unova,1,
#0642 ,642,Thundurus,Electric,Flying,Unova,9,
#0643 ,643,Reshiram,Dragon,Fire,Unova,1,
#0644 ,644,Zekrom,Dragon,Electric,Unova,1,
#0645 ,645,Landorus,Ground,Flying,Unova,1,
#0645 ,645,Landorus,Ground,Flying,Unova,9,
#0646 ,646,Kyurem,Dragon,Ice,Unova,1,
#0646 ,646,Kyurem,Dragon,Ice,Unova,10,
#0646 ,646,Kyurem,Dragon,Ice,Unova,10,
#0647 ,647,Keldeo,Water,Fighting,Unova,1,
#0648 ,648,Meloetta,Normal,Psychic,Unova,1,
#0649 ,649,Genesect,Bug,Steel,Unova,1,
#0650 ,650,Chespin,Grass,0,Kalos,1,
#0651 ,651,Quilladin,Grass,0,Kalos,1,
#0652 ,652,Chesnaught,Grass,Fighting,Kalos,1,
#0653 ,653,Fennekin,Fire,0,Kalos,1,
#0654 ,654,Braixen,Fire,0,Kalos,1,
#0655 ,655,Delphox,Fire,Psychic,Kalos,1,
#0656 ,656,Froakie,Water,0,Kalos,1,
#0657 ,657,Frogadier,Water,0,Kalos,1,
#0658 ,658,Greninja,Water,Dark,Kalos,1,
#0659 ,659,Bunnelby,Normal,0,Kalos,1,
#0660 ,660,Diggersby,Normal,Ground,Kalos,1,
#0661 ,661,Fletchling,Normal,Flying,Kalos,1,
#0662 ,662,Fletchinder,Fire,Flying,Kalos,1,
#0663 ,663,Talonflame,Fire,Flying,Kalos,1,
#0664 ,664,Scatterbug,Bug,0,Kalos,1,
#0665 ,665,Spewpa,Bug,0,Kalos,1,
#0666 ,666,Vivillon,Bug,Flying,Kalos,1,
#0667 ,667,Litleo,Fire,Normal,Kalos,1,
#0668 ,668,Pyroar,Fire,Normal,Kalos,1,
#0669 ,669,Flabébé,Fairy,0,Kalos,1,
#0670 ,670,Floette,Fairy,0,Kalos,1,
#0671 ,671,Florges,Fairy,0,Kalos,1,
#0672 ,672,Skiddo,Grass,0,Kalos,1,
#0673 ,673,Gogoat,Grass,0,Kalos,1,
#0674 ,674,Pancham,Fighting,0,Kalos,1,
#0675 ,675,Pangoro,Fighting,Dark,Kalos,1,
#0676 ,676,Furfrou,Normal,0,Kalos,1,
#0677 ,677,Espurr,Psychic,0,Kalos,1,
#0678 ,678,Meowstic,Psychic,0,Kalos,1,
#0679,679,Honedge,,,Kalos,1,45860
#0680,680,Doublade,,,Kalos,1,45860
#0681,681,Aegislash,,,Kalos,1,45860
#0682 ,682,Spritzee,Fairy,0,Kalos,1,
#0683 ,683,Aromatisse,Fairy,0,Kalos,1,
#0684 ,684,Swirlix,Fairy,0,Kalos,1,
#0685 ,685,Slurpuff,Fairy,0,Kalos,1,
#0686 ,686,Inkay,Dark,Psychic,Kalos,1,
#0687 ,687,Malamar,Dark,Psychic,Kalos,1,
#0688 ,688,Binacle,Rock,Water,Kalos,1,
#0689 ,689,Barbaracle,Rock,Water,Kalos,1,
#0690 ,690,Skrelp,Poison,Water,Kalos,1,
#0691 ,691,Dragalge,Poison,Dragon,Kalos,1,
#0692 ,692,Clauncher,Water,0,Kalos,1,
#0693 ,693,Clawitzer,Water,0,Kalos,1,
#0694 ,694,Helioptile,Electric,Normal,Kalos,1,
#0695 ,695,Heliolisk,Electric,Normal,Kalos,1,
#0696 ,696,Tyrunt,Rock,Dragon,Kalos,1,
#0697 ,697,Tyrantrum,Rock,Dragon,Kalos,1,
#0698 ,698,Amaura,Rock,Ice,Kalos,1,
#0699 ,699,Aurorus,Rock,Ice,Kalos,1,
#0700 ,700,Sylveon,Fairy,0,Kalos,1,
#0701 ,701,Hawlucha,Fighting,Flying,Kalos,1,
#0702 ,702,Dedenne,Electric,Fairy,Kalos,1,
#0703 ,703,Carbink,Rock,Fairy,Kalos,1,
#0704 ,704,Goomy,Dragon,0,Kalos,1,
#0705 ,705,Sliggoo,Dragon,0,Kalos,1,
#0706 ,706,Goodra,Dragon,0,Kalos,1,
#0707 ,707,Klefki,Steel,Fairy,Kalos,1,
#0708 ,708,Phantump,Ghost,Grass,Kalos,1,
#0709 ,709,Trevenant,Ghost,Grass,Kalos,1,
#0710 ,710,Pumpkaboo,Ghost,Grass,Kalos,1,
#0710 ,710,Pumpkaboo,Ghost,Grass,Kalos,10,
#0710 ,710,Pumpkaboo,Ghost,Grass,Kalos,10,
#0710 ,710,Pumpkaboo,Ghost,Grass,Kalos,10,
#0711 ,711,Gourgeist,Ghost,Grass,Kalos,1,
#0711 ,711,Gourgeist,Ghost,Grass,Kalos,10,
#0711 ,711,Gourgeist,Ghost,Grass,Kalos,10,
#0711 ,711,Gourgeist,Ghost,Grass,Kalos,10,
#0712 ,712,Bergmite,Ice,0,Kalos,1,
#0713 ,713,Avalugg,Ice,0,Kalos,9,
#0713 ,713,Avalugg,Ice,Rock,Kalos,1,
#0714 ,714,Noibat,Flying,Dragon,Kalos,1,
#0715 ,715,Noivern,Flying,Dragon,Kalos,1,
#0716 ,716,Xerneas,Fairy,0,Kalos,1,
#0717 ,717,Yveltal,Dark,Flying,Kalos,1,
#0718 ,718,Zygarde,Dragon,Ground,Kalos,1,
#0718 ,718,Zygarde,Dragon,Ground,Kalos,10,
#0718 ,718,Zygarde,Dragon,Ground,Kalos,9,
#0719 ,719,Diancie,Rock,Fairy,Kalos,1,
#0719 ,719,Diancie#Mega,Rock,Fairy,Kalos,10,
#0720 ,720,Hoopa,Psychic,Ghost,Kalos,9,
#0720 ,720,Hoopa,Psychic,Dark,Kalos,1,
#0721,721,Volcanion,,,Kalos,1,45806
#0722 ,722,Rowlet,Grass,Flying,Alola,1,
#0723 ,723,Dartrix,Grass,Flying,Alola,2,
#0724 ,724,Decidueye,Grass,Ghost,Alola,1,
#0724 ,724,Decidueye,Grass,Fighting,Alola,10,
#0725 ,725,Litten,Fire,0,Alola,1,
#0726 ,726,Torracat,Fire,0,Alola,1,
#0727 ,727,Incineroar,Fire,Dark,Alola,1,
#0728 ,728,Popplio,Water,0,Alola,1,
#0729 ,729,Brionne,Water,0,Alola,2,
#0730 ,730,Primarina,Water,Fairy,Alola,2,
#0731 ,731,Pikipek,Normal,Flying,Alola,1,
#0732 ,732,Trumbeak,Normal,Flying,Alola,1,
#0733 ,733,Toucannon,Normal,Flying,Alola,1,
#0734 ,734,Yungoos,Normal,0,Alola,1,
#0735 ,735,Gumshoos,Normal,0,Alola,1,
#0736 ,736,Grubbin,Bug,0,Alola,1,
#0737 ,737,Charjabug,Bug,Electric,Alola,1,
#0738 ,738,Vikavolt,Bug,Electric,Alola,2,
#0739 ,739,Crabrawler,Fighting,0,Alola,1,
#0740 ,740,Crabominable,Fighting,Ice,Alola,2,
#0741 ,741,Oricorio,Fire,Flying,Alola,1,
#0742 ,742,Cutiefly,Bug,Fairy,Alola,1,
#0743 ,743,Ribombee,Bug,Fairy,Alola,1,
#0744 ,744,Rockruff,Rock,0,Alola,1,
#0745 ,745,Lycanroc,Rock,0,Alola,2,
#0745 ,745,Lycanroc,Rock,0,Alola,9,
#0745 ,745,Lycanroc,Rock,0,Alola,9,
#0746,746,Wishiwashi,,,Alola,,Unreleased
#0747 ,747,Mareanie,Poison,Water,Alola,1,
#0748 ,748,Toxapex,Poison,Water,Alola,1,
#0749 ,749,Mudbray,Ground,0,Alola,,Regional
#0750 ,750,Mudsdale,Ground,0,Alola,,Regional
#0751 ,751,Dewpider,Water,Bug,Alola,1,
#0752 ,752,Araquanid,Water,Bug,Alola,1,
#0753 ,753,Fomantis,Grass,0,Alola,1,
#0754 ,754,Lurantis,Grass,0,Alola,1,
#0755 ,755,Morelull,Grass,Fairy,Alola,1,
#0756 ,756,Shiinotic,Grass,Fairy,Alola,1,
#0757 ,757,Salandit,Poison,Fire,Alola,1,
#0758 ,758,Salazzle,Poison,Fire,Alola,,Regional
#0759 ,759,Stufful,Normal,Fighting,Alola,1,
#0760 ,760,Bewear,Normal,Fighting,Alola,1,
#0761 ,761,Bounsweet,Grass,0,Alola,1,
#0762 ,762,Steenee,Grass,0,Alola,1,
#0763 ,763,Tsareena,Grass,0,Alola,2,
#0764 ,764,Comfey,Fairy,0,Alola,,Regional - Hawaii
#0765 ,765,Oranguru,Normal,Psychic,Alola,1,
#0766 ,766,Passimian,Fighting,0,Alola,1,
#0767 ,767,Wimpod,Bug,Water,Alola,1,
#0768 ,768,Golisopod,Bug,Water,Alola,2,
#0769 ,769,Sandygast,Ghost,Ground,Alola,1,
#0770 ,770,Palossand,Ghost,Ground,Alola,1,
#0771,771,Pyukumuku,,,Alola,,Unreleased
#0772,772,,,,Alola,,Unreleased
#0773,773,Sivally,,,Alola,,Unreleased
#0774,774,Minior,,,Alola,,Unreleased
#0775 ,775,Komala,Normal,0,Alola,1,
#0776 ,776,Turtonator,Fire,Dragon,Alola,1,
#0777 ,777,Togedemaru,Electric,Steel,Alola,1,
#0778,778,Mimikyu,,,,1,46113
#0779 ,779,Bruxish,Water,Psychic,Alola,1,
#0780 ,780,Drampa,Normal,Dragon,Alola,1,
#0781 ,781,Dhelmise,Ghost,Grass,Alola,1,
#0782 ,782,Jangmo-o,Dragon,0,Alola,1,
#0783 ,783,Hakamo-o,Dragon,Fighting,Alola,1,
#0784 ,784,Kommo-o,Dragon,Fighting,Alola,1,
#0785 ,785,Tapu Koko,Electric,Fairy,Alola,1,
#0786 ,786,Tapu Lele,Psychic,Fairy,Alola,1,
#0787 ,787,Tapu Bulu,Grass,Fairy,Alola,1,
#0788 ,788,Tapu Fini,Water,Fairy,Alola,1,
#0789 ,789,Cosmog,Psychic,0,Alola,1,
#0790 ,790,Cosmoem,Psychic,0,Alola,2,
#0791 ,791,Solgaleo,Psychic,Steel,Alola,1,
#0792 ,792,Lunala,Psychic,Ghost,Alola,1,
#0793 ,793,Nihilego,Rock,Poison,Alola,1,
#0794 ,794,Buzzwole,Bug,Fighting,Alola,1,
#0795 ,795,Pheromosa,Bug,Fighting,Alola,2,
#0796 ,796,Xurkitree,Electric,0,Alola,1,
#0797 ,797,Celesteela,Steel,Flying,Alola,1,
#0798 ,798,Kartana,Grass,Steel,Alola,1,
#0799 ,799,Guzzlord,Dark,Dragon,Alola,1,
#0800 ,800,Necrozma,Psychic,0,Alola,1,
#0800 ,800,Necrozma,Psychic,Steel,Alola,9,
#0800 ,800,Necrozma,Psychic,Ghost,Alola,10,
#0801,801,Magearna,,,Alola,,Unreleased
#0802,802,Marshadow,Fighting,Ghost,Alola,1,
#0803 ,803,Poipole,Poison,0,Alola,,
#0804 ,804,Naganadel,Poison,Dragon,Alola,,
#0805 ,805,Stakataka,Rock,Steel,Alola,1,
#0806 ,806,Blacephalon,Fire,Ghost,Alola,1,
#0807,807,,,,Alola,,
#0808,808,Meltan,Steel,0,,1,Not in pokedex
#0809 ,809,Melmetal,Steel,0,,1,Not in pokedex
#0810 ,810,Grookey,Grass,0,Galar,1,
#0811 ,811,Thwackey,Grass,0,Galar,1,
#0812 ,812,Rillaboom,Grass,0,Galar,1,
#0813 ,813,Scorbunny,Fire,0,Galar,1,
#0814 ,814,Raboot,Fire,0,Galar,1,
#0815 ,815,Cinderace,Fire,0,Galar,1,
#0816 ,816,Sobble,Water,0,Galar,1,
#0817 ,817,Drizzile,Water,0,Galar,1,
#0818 ,818,Inteleon,Water,0,Galar,1,
#0819 ,819,Skwovet,Normal,0,Galar,1,
#0820 ,820,Greedent,Normal,0,Galar,1,
#0821 ,821,Rookidee,Flying,0,Galar,1,
#0822 ,822,Corvisquire,Flying,0,Galar,1,
#0823 ,823,Corviknight,Flying,Steel,Galar,1,
#0824,824,Blipbug,,,Galar,1,
#0825,825,Dottler,,,Galar,1,
#0826,826,Orbeetle,,,Galar,2,
#0827,827,Nickit,Dark,0,Galar,1,
#0828 ,828,Thievul,Dark,0,Galar,1,
#0829 ,829,Gossifleur,Grass,0,Galar,1,
#0830 ,830,Eldegoss,Grass,0,Galar,1,
#0831 ,831,Wooloo,Normal,0,Galar,1,
#0832 ,832,Dubwool,Normal,0,Galar,1,
#0833,833,Chewtle,,,Galar,,Unreleased
#0834,834,Drednaw,,,Galar,,Unreleased
#0835,835,Yamper,,,Galar,1,45828
#0836,836,Boltund,,,Galar,1,45828
#0837,837,Rolycoly,Rock,,Galar,1,46015
#0838,838,Carkol,,,Galar,1,46015
#0839,839,Coalossal,,,Galar,1,46015
#0840 ,840,Applin,Grass,Dragon,Galar,1,
#0841 ,841,Flapple,Grass,Dragon,Galar,2,
#0842 ,842,Appletun,Grass,Dragon,Galar,2,
#0843,843,Silicobra,,,Galar,,Biome
#0844,844,Sandaconda,,,Galar,,Biome
#0845,845,Cramorant,,,Galar,,Unreleased
#0846,846,Arrokuda,,,Galar,,Unreleased
#0847,847,Barraskewda,,,Galar,,Unreleased
#0848 ,848,Toxel,Electric,Poison,Galar,1,
#0849 ,849,Toxtricity,Electric,Poison,Galar,1,
#0850 ,850,Sizzlipede,Fire,Bug,Galar,1,
#0851 ,851,Centiskorch,Fire,Bug,Galar,2,
#0852,852,Clobbopus,Fighting,,Galar,1,46004
#0853,853,Grapploct,Fighting,,Galar,1,46004
#0854,854,Sinistea,Ghost,0,Galar,1,
#0855 ,855,Polteageist,Ghost,0,Galar,1,
#0856 ,856,Hatenna,Psychic,0,Galar,1,
#0857 ,857,Hattrem,Psychic,0,Galar,1,
#0858 ,858,Hatterene,Psychic,Fairy,Galar,1,
#0859,859,Impidimp,,,Galar,1,45968
#0860,860,Mogrem,,,Galar,2,45968
#0861,861,Grimmsnarl,,,Galar,1,45968
#0862 ,862,Obstagoon,Dark,Normal,Galar,2,
#0863 ,863,Perrserker,Steel,0,Galar,1,
#0864 ,864,Cursola,Ghost,0,Galar,1,
#0865 ,865,Sirfetch'd,Fighting,0,Galar,1,
#0866 ,866,Mr. Rime,Ice,Psychic,Galar,2,Regional
#0867 ,867,Runerigus,Ground,Ghost,Galar,2,
#0868,868,Milcery,,,Galar,,Unreleased
#0869,869,Alcremie,,,Galar,,Unreleased
#0870,870,Falinks,Fighting,0,Galar,1,
#0871,871,Pincurchin,,,Galar,,Unreleased
#0872,872,Snom,,,Galar,1,45875
#0873,873,Frosmoth,,,Galar,2,45875
#0874 ,874,Stonjourner,Rock,0,Galar,,Regional
#0875,875,Eiscue,,,Galar,,
#0876,876,Indeedee,,,Galar,1,45916
#0877 ,877,Morpeko,Electric,Dark,Galar,1,
#0878,878,Cufant,,,Galar,,
#0879,879,Copperajah,,,Galar,,
#0880,880,Dracozolt,,,Galar,,
#0881,881,Arctozolt,,,Galar,,
#0882,882,Dracovish,,,Galar,,
#0883,883,Arctovish,,,Galar,,
#0884,884,Duraldon,,,Galar,1,45930
#0885 ,885,Dreepy,Dragon,Ghost,Galar,1,
#0886 ,886,Drakloak,Dragon,Ghost,Galar,2,
#0887 ,887,Dragapult,Dragon,Ghost,Galar,2,
#0888 ,888,Zacian,Fairy,0,Galar,1,
#0889 ,889,Zamazenta,Fighting,0,Galar,1,
#0890,890,Eternatus,,,Galar,1,45886
#0891 ,891,Kubfu,Fighting,0,Galar,1,
#0892,892,Urshibfu,,,Galar,2,45798
#0893 ,893,Zarude,Dark,Grass,Galar,,
#0894 ,894,Regieleki,Electric,0,Galar,1,
#0895 ,895,Regidrago,Dragon,0,Galar,1,
#0896,896,Glastrier,,,Galar,,Unreleased
#0897,897,Spectrier,,,Galar,,Unreleased
#0898,898,Calyrex,,,Galar,,Unreleased
#0899,899,Wyrdeer,Normal,Psychic,Hisui,1,
#0900 ,900,Kleavor,Bug,Rock,Hisui,1,
#0901 ,901,Ursaluna,Ground,Normal,Hisui,2,
#0902,902,Basculegion,,,Hisui,,Unreleased
#0903,903,Sneasler,Fighting,Poison,Hisui,2,
#0904 ,904,Overqwil,Dark,Poison,Hisui,1,
#0905 ,905,Enamorus,Fairy,Flying,Hisui,1,
#0906 ,906,Sprigatito,Grass,0,Paldea,1,
#0907 ,907,Floragato,Grass,0,Paldea,2,
#0908 ,908,Meowscarada,Grass,Dark,Paldea,1,
#0909 ,909,Fuecoco,Fire,0,Paldea,1,
#0910 ,910,Crocalor,Fire,0,Paldea,1,
#0911 ,911,Skeledirge,Fire,Ghost,Paldea,1,
#0912 ,912,Quaxly,Water,0,Paldea,1,
#0913 ,913,Quaxwell,Water,0,Paldea,1,
#0914 ,914,Quaquaval,Water,Fighting,Paldea,1,
#0915 ,915,Lechonk,Normal,0,Paldea,1,
#0916 ,916,Oinkologne,Normal,0,Paldea,1,
#0916 ,916,Oinkologne,Normal,0,Paldea,10,
#0917,917,Tarountula,,,Paldea,1,45965
#0918,918,Spidops,,,Paldea,2,45965
#0919 ,919,Nymble,Bug,0,Paldea,1,
#0920 ,920,Lokix,Bug,Dark,Paldea,1,
#0921 ,921,Pawmi,Electric,0,Paldea,1,
#0922 ,922,Pawmo,Electric,Fighting,Paldea,1,
#0923 ,923,Pawmot,Electric,Fighting,Paldea,1,
#0924 ,924,Tandemaus,Normal,0,Paldea,1,
#0925 ,925,Maushold,Normal,0,Paldea,2,
#0926 ,926,Fidough,Fairy,0,Paldea,1,
#0927 ,927,Dachsbun,Fairy,0,Paldea,1,
#0928 ,928,Smoliv,Grass,Normal,Paldea,1,
#0929 ,929,Dolliv,Grass,Normal,Paldea,1,
#0930 ,930,Arboliva,Grass,Normal,Paldea,1,
#0931,931,Squakabilly,,,Paldea,,Unreleased
#0932,932,Nacli,Rock,,Paldea,1,45993
#0933,933,Naclstack,Rock,,Paldea,1,45993
#0934,934,Garganacl,Rock,,Paldea,1,45993
#0935 ,935,Charcadet,Fire,0,Paldea,1,
#0936 ,936,Armarouge,Fire,Psychic,Paldea,2,
#0937 ,937,Ceruledge,Fire,Ghost,Paldea,2,
#0938 ,938,Tadbulb,Electric,0,Paldea,1,
#0939 ,939,Bellibolt,Electric,0,Paldea,1,
#0940,940,Wattrel,,,Paldea,1,46042
#0941,941,Kilowattrel,,,Paldea,1,46042
#0942,942,Maschiff,,,Paldea,,Unreleased
#0943,943,Mabosstiff,,,Paldea,,Unreleased
#0944 ,944,Shroodle,Poison,Normal,Paldea,1,
#0945 ,945,Grafaiai,Poison,Normal,Paldea,1,
#0946,946,Bramblin,,,Paldea,,Unreleased
#0947,947,Brambleghast,,,Paldea,,Unreleased
#0948,948,Toedscool,Ground,Grass,Paldea,1,45867
#0949,949,Toedscruel,Ground,Grass,Paldea,2,45867
#0950,950,Klawf,Rock,,Paldea,1,45663
#0951,951,Capsakid,,,Paldea,,Unreleased
#0952,952,Sovillain,,,Paldea,,Unreleased
#0953,953,Rellor,,,Paldea,,Unreleased
#0954,954,Rabsca,,,Paldea,,Unreleased
#0955,955,Flittle,,,Paldea,,46153
#0956,956,Espathra,,,Paldea,,46153
#0957 ,957,Tinkatink,Fairy,Steel,Paldea,1,
#0958 ,958,Tinkatuff,Fairy,Steel,Paldea,2,
#0959 ,959,Tinkaton,Fairy,Steel,Paldea,2,
#0960 ,960,Wiglett,Water,0,Paldea,1,Biome
#0961 ,961,Wugtrio,Water,0,Paldea,1,Biome
#0962 ,962,Bombirdier,Flying,Dark,Paldea,1,
#0963,963,Finizen,,,Paldea,,Unreleased
#0964,964,Palafin,,,Paldea,,Unreleased
#0965 ,965,Varoom,Steel,Poison,Paldea,1,
#0966 ,966,Revavroom,Steel,Poison,Paldea,1,
#0967,967,Cyclizar,,,Paldea,,Unreleased
#0968,968,Orthworm,,,Paldea,1,46141
#0969,969,Glimmet,,,Paldea,1,46049
#0970,970,Glimmora,,,Paldea,1,46049
#0971,971,Greavard,Ghost,0,Paldea,1,
#0972 ,972,Houndstone,Ghost,0,Paldea,1,
#0973,973,Flamigo,,,Paldea,1,46057
#0974 ,974,Cetoddle,Ice,0,Paldea,1,
#0975 ,975,Cetitan,Ice,0,Paldea,1,
#0976,976,Veluza,,,Paldea,,Unreleased
#0977,977,Dondozo,,,Paldea,1,45894
#0978,978,Tatsugiri,,,Paldea,1,45853
#0979 ,979,Annihilape,Fighting,Ghost,Paldea,1,
#0980 ,980,Clodsire,Poison,Ground,Paldea,2,
#0981,981,Farigiraf,,,Paldea,,Unreleased
#0982,982,Dudunsparce,,,Paldea,1,45923
#0983,983,Kingambit,,,Paldea,2,45787
#0984,984,Great Tusk,,,Paldea,,Unreleased
#0985,985,Scream Tail,,,Paldea,,Unreleased
#0986,986,Brute Bonnet,,,Paldea,,Unreleased
#0987,987,Flutter Mane,,,Paldea,,Unreleased
#0988,988,Slither Wing,,,Paldea,,Unreleased
#0989,989,Sandy Shocks,,,Paldea,,Unreleased
#0990,990,Iron Treads,,,Paldea,,Unreleased
#0991,991,Iron Bundle,,,Paldea,,Unreleased
#0992,992,Iron Hangs,,,Paldea,,Unreleased
#0993,993,Iron Jugulis,,,Paldea,,Unreleased
#0994,994,Iron Moth,,,Paldea,,Unreleased
#0995,995,Iron Thorn,,,Paldea,,Unreleased
#0996 ,996,Frigibax,Dragon,Ice,Paldea,1,
#0997 ,997,Arctibax,Dragon,Ice,Paldea,2,
#0998 ,998,Baxcalibur,Dragon,Ice,Paldea,2,
#0999 ,999,Gimmighoul,Ghost,0,Paldea,1,
#1000 ,1000,Gholdengo,Steel,Ghost,Paldea,,
#1001,1001,Wo-Chien,,,Paldea,,Unreleased
#1002,1002,Chien-Pao,,,Paldea,,Unreleased
#1003,1003,Ting-Lu,,,Paldea,,Unreleased
#1004,1004,Chi-Yu,,,Paldea,,Unreleased
#1005,1005,Roaring Moon,,,Paldea,,Unreleased
#1006,1006,Iron Valiant,,,Paldea,,Unreleased
#1007,1007,Koraidon,,,Paldea,,Unreleased
#1008,1008,Maraidon,,,Paldea,,Unreleased
#1009,1009,Walking Wake,,,Paldea,,Unreleased
#1010,1010,Iron Leaves,,,Paldea,,Unreleased
#1011,1011,Dipplin,,,Paldea,2,45940
#1012,1012,Poltchageist,,,Paldea,1,45951
#1013,1013,Sinistcha,,,Paldea,2,45951
#1014,1014,Okidogi,,,Paldea,,Unreleased
#1015,1015,Munkidori,,,Paldea,,Unreleased
#1016,1016,Fezandipiti,,,Paldea,,Unreleased
#1017,1017,Ogerpon,,,Paldea,,Unreleased
#1018,1018,Archaludon,,,Paldea,,Unreleased
#1019,1019,Hydrapple,,,Paldea,2,45940
#1020,1020,Gouging Fire,,,Paldea,,Unreleased
#1021,1021,Raging Bolt,,,Paldea,,Unreleased
#1022,1022,Iron Boulder,,,Paldea,,Unreleased
#1023,1023,Iron Crown,,,Paldea,,Unreleased
#1024,1024,Terapagos,,,Paldea,,Unreleased
#1025,1025,Pecharunt,,,Paldea,,Unreleased
