model,year,games,correct,accuracy,brier,logLoss
legacy2018,2009,201,129,0.6417910447761194,0.23171128346041575,0.6636073139086514
legacy2018,2010,201,108,0.5373134328358209,0.24605721538858166,0.6851056730615107
legacy2018,2011,201,137,0.681592039800995,0.2256495208663276,0.6465641431813518
legacy2018,2012,201,123,0.6119402985074627,0.23650225496756236,0.6693133531503012
legacy2018,2013,201,114,0.5671641791044776,0.23340250574705929,0.6636677841024428
legacy2018,2014,201,116,0.5771144278606966,0.24023641579550678,0.6730526016227346
legacy2018,2015,201,120,0.5970149253731343,0.23804054942438968,0.6695378378443602
legacy2018,2016,201,117,0.582089552238806,0.23239963971505403,0.6616811456678089
legacy2018,2017,201,131,0.6517412935323383,0.21710677770239947,0.6242725195256534
legacy2018,2018,201,127,0.6318407960199005,0.2410994851759235,0.6759076997374467
legacy2018,2019,201,127,0.6318407960199005,0.2273004940383037,0.6482740937304294
legacy2018,2020,169,116,0.6863905325443787,0.20967633663749044,0.6109623976664199
legacy2018,2021,201,147,0.7313432835820896,0.1844010566060516,0.5512375564661556
legacy2018,2022,201,142,0.7064676616915423,0.20787451872392637,0.6025084573113743
legacy2018,2023,213,135,0.6338028169014085,0.22407695451371504,0.6431882087117642
legacy2018,2024,213,132,0.6197183098591549,0.22793661795952327,0.6506661395741177
legacy2018,2025,213,133,0.6244131455399061,0.23257016422464122,0.6603023805630377
legacy2018,2026,204,121,0.5931372549019608,0.23356755501323956,0.6597695298695472
legacy2019,2009,201,131,0.6517412935323383,0.23321147642287016,0.6667935999688902
legacy2019,2010,201,108,0.5373134328358209,0.24421208151560092,0.6814016206088432
legacy2019,2011,201,133,0.6616915422885572,0.22846726360360767,0.652220295073346
legacy2019,2012,201,126,0.6268656716417911,0.23607783570746468,0.6675471535476504
legacy2019,2013,201,124,0.6169154228855721,0.2327762751872318,0.6629859376091102
legacy2019,2014,201,119,0.5920398009950248,0.23961933990671752,0.6720127164449706
legacy2019,2015,201,118,0.5870646766169154,0.2395533355851081,0.6719832079386311
legacy2019,2016,201,130,0.6467661691542289,0.2297271181320838,0.6568216703144341
legacy2019,2017,201,127,0.6318407960199005,0.2262440648517112,0.6444503554543878
legacy2019,2018,201,125,0.6218905472636815,0.2367122582876594,0.6662338462753895
legacy2019,2019,201,126,0.6268656716417911,0.23088727250689633,0.6565426433300474
legacy2019,2020,169,121,0.7159763313609467,0.2173954772021572,0.6293428080605886
legacy2019,2021,201,149,0.7412935323383084,0.20230838867540715,0.5946366027893971
legacy2019,2022,201,142,0.7064676616915423,0.21459437167868753,0.6197208477359369
legacy2019,2023,213,133,0.6244131455399061,0.22512611954762363,0.6446465326936381
legacy2019,2024,213,132,0.6197183098591549,0.2281154940503838,0.6507762633087816
legacy2019,2025,213,135,0.6338028169014085,0.23172200459758185,0.6582277144513239
legacy2019,2026,204,121,0.5931372549019608,0.23425950713078392,0.661114194370931
legacy2023,2009,201,127,0.6318407960199005,0.23139688891663962,0.6630612255563036
legacy2023,2010,201,111,0.5522388059701493,0.24587527514046753,0.6847510476210523
legacy2023,2011,201,140,0.6965174129353234,0.22353543990677052,0.64234652714659
legacy2023,2012,201,128,0.6368159203980099,0.23516229125689825,0.6659658360205661
legacy2023,2013,201,116,0.5771144278606966,0.23058374741336485,0.6579788627223039
legacy2023,2014,201,122,0.6069651741293532,0.23418214902567652,0.6605168867100277
legacy2023,2015,201,121,0.6019900497512438,0.2349964796982692,0.6625932710055167
legacy2023,2016,201,122,0.6069651741293532,0.22865106180841646,0.6539023403563394
legacy2023,2017,201,125,0.6218905472636815,0.2214330165611461,0.6339923623715553
legacy2023,2018,201,128,0.6368159203980099,0.2364620462251229,0.6656456498843386
legacy2023,2019,201,128,0.6368159203980099,0.2271904671048382,0.6484844311561051
legacy2023,2020,169,119,0.7041420118343196,0.20726447313122415,0.607070248499149
legacy2023,2021,201,146,0.7263681592039801,0.19080371158679943,0.5681162476564819
legacy2023,2022,201,142,0.7064676616915423,0.20921048653065935,0.6069683785838164
legacy2023,2023,213,140,0.6572769953051644,0.2201554385909213,0.6339376356967037
legacy2023,2024,213,137,0.6431924882629108,0.22570550872058714,0.6456467813061563
legacy2023,2025,213,138,0.647887323943662,0.22851883529236452,0.651319443782923
legacy2023,2026,204,125,0.6127450980392157,0.2301463746906556,0.6523367640304546
legacy2025,2009,201,130,0.6467661691542289,0.22596863204847445,0.6517438942160899
legacy2025,2010,201,113,0.5621890547263682,0.24580942597412475,0.6848178282659124
legacy2025,2011,201,143,0.7114427860696517,0.2157129824429247,0.6265206626708109
legacy2025,2012,201,122,0.6069651741293532,0.23349712317769278,0.6628284499021289
legacy2025,2013,201,121,0.6019900497512438,0.2278570477397607,0.6519356993773149
legacy2025,2014,201,120,0.5970149253731343,0.23318570109385867,0.6582194409144356
legacy2025,2015,201,119,0.5920398009950248,0.23678028337645363,0.66629584955405
legacy2025,2016,201,128,0.6368159203980099,0.22187893749243423,0.6390509198002049
legacy2025,2017,201,121,0.6019900497512438,0.2201213421039181,0.6305091902726869
legacy2025,2018,201,129,0.6417910447761194,0.2324929128253335,0.6579698593284525
legacy2025,2019,201,126,0.6268656716417911,0.22515004328296986,0.6439483472494126
legacy2025,2020,169,119,0.7041420118343196,0.2022871194215306,0.5950221171588018
legacy2025,2021,201,145,0.7213930348258707,0.185228460097537,0.5535612505758603
legacy2025,2022,201,143,0.7114427860696517,0.20438424475464878,0.5953676034869934
legacy2025,2023,213,140,0.6572769953051644,0.2175468041877251,0.6289403370065438
legacy2025,2024,213,140,0.6572769953051644,0.22382655312005426,0.6419371047814151
legacy2025,2025,213,136,0.6384976525821596,0.22560815617526758,0.6450121430425405
legacy2025,2026,204,124,0.6078431372549019,0.23067416081783965,0.6529945149370588
start2026,2009,201,132,0.6567164179104478,0.2245016418148206,0.64854394052417
start2026,2010,201,113,0.5621890547263682,0.24710968817532414,0.687539536536603
start2026,2011,201,143,0.7114427860696517,0.2148433524849391,0.624651351194477
start2026,2012,201,125,0.6218905472636815,0.23364375354793765,0.6630218766631155
start2026,2013,201,119,0.5920398009950248,0.22821715301227613,0.6522974709492686
start2026,2014,201,121,0.6019900497512438,0.23270829025429732,0.6575611985831514
start2026,2015,201,118,0.5870646766169154,0.23717235781953722,0.6672518619400347
start2026,2016,201,126,0.6268656716417911,0.22105349093604615,0.6365648461080855
start2026,2017,201,126,0.6268656716417911,0.2184949282106745,0.6270812885096639
start2026,2018,201,130,0.6467661691542289,0.23540701069859538,0.6641769941088264
start2026,2019,201,128,0.6368159203980099,0.22551306987983552,0.644545244533158
start2026,2020,169,117,0.6923076923076923,0.2026130468546665,0.5952325932995002
start2026,2021,201,148,0.736318407960199,0.18581796499545336,0.554537268140621
start2026,2022,201,144,0.7164179104477612,0.20451224609723653,0.5951994965582874
start2026,2023,213,140,0.6572769953051644,0.21839940181981696,0.6312595087352767
start2026,2024,213,141,0.6619718309859155,0.22485977712159846,0.6442995735473193
start2026,2025,213,143,0.6713615023474179,0.22628877385634344,0.6468151763846034
start2026,2026,204,129,0.6323529411764706,0.23043024592562147,0.6531623142232681
production,2009,201,131,0.6517412935323383,0.22457500825734564,0.6487149620907521
production,2010,201,112,0.5572139303482587,0.24698859761812536,0.6872761182115461
production,2011,201,143,0.7114427860696517,0.21506125118660424,0.6250990575191259
production,2012,201,125,0.6218905472636815,0.23381701994915158,0.6633980665711888
production,2013,201,120,0.5970149253731343,0.22822805569279014,0.6523335251665918
production,2014,201,122,0.6069651741293532,0.2325883912773076,0.6573146155774674
production,2015,201,118,0.5870646766169154,0.23728572010559904,0.6674646987484917
production,2016,201,123,0.6119402985074627,0.221451233355001,0.6374747963077951
production,2017,201,126,0.6268656716417911,0.21848418615607218,0.627042454158544
production,2018,201,130,0.6467661691542289,0.2352922156564821,0.6639402653867126
production,2019,201,128,0.6368159203980099,0.22555473813294893,0.6446486042097661
production,2020,169,117,0.6923076923076923,0.20282794217342826,0.5956965501084052
production,2021,201,148,0.736318407960199,0.18583865327212823,0.5546295242331174
production,2022,201,145,0.7213930348258707,0.20460766996707683,0.595404547603434
production,2023,213,140,0.6572769953051644,0.21836992327045807,0.6311637406978057
production,2024,213,141,0.6619718309859155,0.22478189959509756,0.6441122175043988
production,2025,213,143,0.6713615023474179,0.2263206821744131,0.6468789464772304
production,2026,204,130,0.6372549019607843,0.23057687782043754,0.6533721855047712
browser2026,2009,201,132,0.6567164179104478,0.2245609305606166,0.6486840138769755
browser2026,2010,201,112,0.5572139303482587,0.24700717599278227,0.6873176574524699
browser2026,2011,201,143,0.7114427860696517,0.21503723592730073,0.6250529282500106
browser2026,2012,201,125,0.6218905472636815,0.23381979272371428,0.663413375627237
browser2026,2013,201,120,0.5970149253731343,0.22821307613669164,0.652299416345199
browser2026,2014,201,122,0.6069651741293532,0.23259375013696995,0.6573234700025103
browser2026,2015,201,118,0.5870646766169154,0.23727873414944065,0.6674548908241528
browser2026,2016,201,123,0.6119402985074627,0.22143244613773322,0.6374261785139943
browser2026,2017,201,126,0.6268656716417911,0.21846188710221254,0.626992321092984
browser2026,2018,201,130,0.6467661691542289,0.23530820849902623,0.6639777501201557
browser2026,2019,201,128,0.6368159203980099,0.2255474048774782,0.6446315109216552
browser2026,2020,169,117,0.6923076923076923,0.20276253997933055,0.5955459209293549
browser2026,2021,201,148,0.736318407960199,0.185770434030653,0.554458965527738
browser2026,2022,201,145,0.7213930348258707,0.20458952118642768,0.5953542649841699
browser2026,2023,213,140,0.6572769953051644,0.21834942162585358,0.6311259085748775
browser2026,2024,213,141,0.6619718309859155,0.22478444586767649,0.6441247016897171
browser2026,2025,213,143,0.6713615023474179,0.22632200162811075,0.6468815339279343
browser2026,2026,204,130,0.6372549019607843,0.23057526150928792,0.653374694373412
bstar,2009,201,134,0.6666666666666666,0.22469352787162444,0.6489608034714568
bstar,2010,201,112,0.5572139303482587,0.24710841795226365,0.6875338383336153
bstar,2011,201,143,0.7114427860696517,0.2151977705584094,0.6253966219099285
bstar,2012,201,124,0.6169154228855721,0.23363402728151478,0.663006332041158
bstar,2013,201,119,0.5920398009950248,0.22819460846832487,0.6522897079970986
bstar,2014,201,122,0.6069651741293532,0.2326938604829924,0.6575138330289637
bstar,2015,201,118,0.5870646766169154,0.23718381884951045,0.6672566199675961
bstar,2016,201,125,0.6218905472636815,0.2215348241135791,0.6376539818958064
bstar,2017,201,126,0.6268656716417911,0.2183836895058329,0.626817349995364
bstar,2018,201,130,0.6467661691542289,0.2352251749542452,0.6638080571944103
bstar,2019,201,129,0.6417910447761194,0.2254660422867001,0.6444617088015792
bstar,2020,169,117,0.6923076923076923,0.2027536832389642,0.5955396887214264
bstar,2021,201,148,0.736318407960199,0.18576891961362127,0.554447863756965
bstar,2022,201,145,0.7213930348258707,0.2046167354337332,0.5954194215226005
bstar,2023,213,140,0.6572769953051644,0.21826395178240987,0.6309827418842524
bstar,2024,213,142,0.6666666666666666,0.22471497441880645,0.6439284547337849
bstar,2025,213,143,0.6713615023474179,0.22623519412539347,0.6467052079645131
bstar,2026,204,130,0.6372549019607843,0.2304405788752281,0.6531020909788311
candidate,2009,201,134,0.6666666666666666,0.22469352787162444,0.6489608034714568
candidate,2010,201,112,0.5572139303482587,0.24710841795226365,0.6875338383336153
candidate,2011,201,143,0.7114427860696517,0.2151977705584094,0.6253966219099285
candidate,2012,201,124,0.6169154228855721,0.23363402728151478,0.663006332041158
candidate,2013,201,119,0.5920398009950248,0.22819460846832487,0.6522897079970986
candidate,2014,201,122,0.6069651741293532,0.23251467333156564,0.6567932578264394
candidate,2015,201,118,0.5870646766169154,0.23718381884951045,0.6672566199675961
candidate,2016,201,125,0.6218905472636815,0.2209648344952402,0.6360584537259635
candidate,2017,201,128,0.6368159203980099,0.21697894060291523,0.6234315078870621
candidate,2018,201,132,0.6567164179104478,0.23327610491381762,0.6598091043831995
candidate,2019,201,129,0.6417910447761194,0.22748715009435722,0.6492762323299816
candidate,2020,169,117,0.6923076923076923,0.2027536832389642,0.5955396887214264
candidate,2021,201,149,0.7412935323383084,0.18402755293384956,0.5506789631572274
candidate,2022,201,147,0.7313432835820896,0.20189961348741708,0.5897922376568913
candidate,2023,213,141,0.6619718309859155,0.2163200805868542,0.6266240044757971
candidate,2024,213,145,0.6807511737089202,0.22117385966163344,0.6358223535027014
candidate,2025,213,146,0.6854460093896714,0.22209970027106718,0.6378234047535883
candidate,2026,204,132,0.6470588235294118,0.22880477199589283,0.6495516349381844
