id,year,round,home_team,away_team,home_score,away_score,venue,type,home_primary,away_primary,home_distance_km,away_distance_km,geo_edge,home_seed,away_seed,seed_edge,current_p,base_dr,legacy_travel
25151,2020,Qualif Final,Penrith Panthers,Sydney Roosters,29.0,28.0,BlueBet Stadium,final_home_ground,BlueBet Stadium,Sydney Cricket Ground,0.0,51.815552028798095,51.815552028798095,1,4,3,0.5395310162514978,-13.206693697309753,0.7331072503460171
25152,2020,Qualif Final,Canberra Raiders,Cronulla Sharks,32.0,20.0,GIO Stadium,final_home_ground,GIO Stadium,Netstrata Jubilee Stadium,0.0,231.3951937188338,231.3951937188338,5,8,3,0.6746371232320213,83.2374676123565,3.44342682472241
25153,2020,Qualif Final,Melbourne Storm,Parramatta Eels,36.0,24.0,Suncorp Stadium,final_home_leaning_neutral,Sunshine Coast Stadium,CommBank Stadium,82.09446312541026,731.0603433762182,648.9658802508079,2,3,1,0.7034277391422774,99.49591246240978,10.53967251624674
25154,2020,Qualif Final,South Sydney Rabbitohs,Newcastle Knights,46.0,20.0,Accor Stadium,final_home_ground,Accor Stadium,McDonald Jones Stadium,0.0,120.18751540740767,120.18751540740767,6,7,1,0.6761605680802556,86.12848971520685,1.7595547903749251
25155,2020,Semi Final,Sydney Roosters,Canberra Raiders,18.0,22.0,Sydney Cricket Ground,final_home_ground,Sydney Cricket Ground,GIO Stadium,0.0,243.8208602273461,243.8208602273461,4,5,1,0.610829335581687,34.61050347425039,3.7014126890531287
25156,2020,Semi Final,Parramatta Eels,South Sydney Rabbitohs,24.0,38.0,CommBank Stadium,final_shared_ground,CommBank Stadium,Accor Stadium,0.0,7.194877776947892,7.194877776947892,3,6,3,0.5061924481737481,-35.99889046975025,0.30206420792367633
25157,2020,Prelim Final,Melbourne Storm,Canberra Raiders,30.0,10.0,Suncorp Stadium,final_home_leaning_neutral,Sunshine Coast Stadium,GIO Stadium,82.09446312541026,940.4700623577473,858.3755992323371,2,5,3,0.6468505239841685,58.138021728210276,7.000125504707342
25158,2020,Prelim Final,Penrith Panthers,South Sydney Rabbitohs,20.0,16.0,Accor Stadium,final_opponent_ground,BlueBet Stadium,Accor Stadium,36.19737188710691,0.0,-36.19737188710691,1,6,4,0.6105955131086064,37.40795565536511,0.7331072503460171
25159,2020,Grand Final,Penrith Panthers,Melbourne Storm,20.0,26.0,Accor Stadium,grand_final,BlueBet Stadium,Sunshine Coast Stadium,36.19737188710691,815.3090083547706,779.1116364676637,1,2,1,0.5189593547918084,-37.12056319963787,10.30119185137593
21613,2002,Qualif Final,Sydney Roosters,Cronulla Sharks,32.0,20.0,Allianz Stadium,final_home_ground,Allianz Stadium,PointsBet Stadium,0.0,19.133373766570795,19.133373766570795,5,6,1,0.5909524871129392,23.58711953066342,0.3244038287106674
21802,2003,Qualif Final,Canberra Raiders,Melbourne Storm,18.0,30.0,Canberra Stadium,final_home_ground,Canberra Stadium,Olympic Park,0.0,,,4,5,1,0.5847862599887301,12.490051888237474,7.000125504707342
21991,2004,Qualif Final,Penrith Panthers,St. George Illawarra Dragons,31.0,30.0,BlueBet Stadium,final_home_ground,BlueBet Stadium,WIN Stadium,0.0,77.18183303429899,77.18183303429899,4,5,1,0.5630396473298186,2.877219426217076,1.1615582332027168
22180,2005,Qualif Final,Wests Tigers,NQ Cowboys,50.0,6.0,ANZ Stadium,final_home_ground,ANZ Stadium,1300SMILES Stadium,0.0,1672.1643507203833,1672.1643507203833,4,5,1,0.5328434389965697,-42.36128594026302,25.216153899632154
22369,2006,Qualif Final,Newcastle Knights,Manly Sea Eagles,25.0,18.0,McDonald Jones Stadium,final_home_ground,McDonald Jones Stadium,Lottoland,0.0,105.85090229434977,105.85090229434977,4,5,1,0.6045878863486034,32.1587017153297,1.6050868040390451
21614,2002,Qualif Final,Brisbane Broncos,Parramatta Eels,24.0,14.0,Queensland Sport and Athletics Centre,final_home_ground,Queensland Sport and Athletics Centre,Bankwest Stadium,0.0,722.3973683482877,722.3973683482877,4,7,3,0.6232035093357896,36.43540320623378,10.973813172636492
21803,2003,Qualif Final,Canterbury Bulldogs,New Zealand Warriors,22.0,48.0,Sydney Showground,final_home_ground,ANZ Stadium,Mt Smart Stadium,0.4705542248734003,2167.658136163939,2167.1875819390657,3,6,3,0.7021402805520515,76.62637004968056,32.33847488966611
21992,2004,Qualif Final,Brisbane Broncos,Melbourne Storm,14.0,31.0,Suncorp Stadium,final_home_ground,Suncorp Stadium,Olympic Park,0.0,,,3,6,3,0.6373254178044888,37.3215063352697,20.616141641746992
22181,2005,Qualif Final,Brisbane Broncos,Melbourne Storm,18.0,24.0,Suncorp Stadium,final_home_ground,Suncorp Stadium,Olympic Park,0.0,,,3,6,3,0.6016211024633678,10.994552656698204,20.616141641746992
22370,2006,Qualif Final,Brisbane Broncos,St. George Illawarra Dragons,4.0,20.0,Suncorp Stadium,final_home_ground,Suncorp Stadium,WIN Stadium,0.0,799.8575386787633,799.8575386787633,3,6,3,0.5988800841985038,17.627822397057205,11.998435753825472
21233,2000,Qualif Final,Canberra Raiders,Penrith Panthers,34.0,16.0,Canberra Stadium,final_home_ground,Canberra Stadium,Panthers Stadium,0.0,218.66534022489182,218.66534022489182,4,5,1,0.5987385360730739,26.181023978669632,3.342879177962883
21424,2001,Qualif Final,Cronulla Sharks,Brisbane Broncos,22.0,6.0,PointsBet Stadium,final_home_ground,PointsBet Stadium,Queensland Sport and Athletics Centre,0.0,744.7382340679553,744.7382340679553,4,5,1,0.5223529806810608,-35.767283752034395,11.310085872578762
21615,2002,Qualif Final,Newcastle Knights,St. George Illawarra Dragons,22.0,26.0,McDonald Jones Stadium,final_home_ground,McDonald Jones Stadium,WIN Stadium,0.0,184.32709805006897,184.32709805006897,3,8,4,0.6987028488326884,103.33040328166425,2.7885921878487867
21804,2003,Qualif Final,Sydney Roosters,Newcastle Knights,36.0,8.0,Allianz Stadium,final_home_ground,Allianz Stadium,McDonald Jones Stadium,0.0,117.70310718094711,117.70310718094711,2,7,4,0.6458812144832616,62.641920063034426,1.7595547903749251
21993,2004,Qualif Final,Canterbury Bulldogs,NQ Cowboys,22.0,30.0,Accor Stadium,final_home_ground,Accor Stadium,1300SMILES Stadium,0.0,1672.1643507203833,1672.1643507203833,2,7,4,0.8081647160077777,184.60285770719275,25.225700744872206
22182,2005,Qualif Final,St. George Illawarra Dragons,Cronulla Sharks,28.0,22.0,WIN Stadium,final_home_ground,WIN Stadium,PointsBet Stadium,0.0,47.675165347188845,47.675165347188845,2,7,4,0.6995106478695731,106.07258107661615,0.7135158490546396
22371,2006,Qualif Final,Canterbury Bulldogs,Canberra Raiders,30.0,12.0,ANZ Stadium,final_home_ground,ANZ Stadium,Canberra Stadium,0.0,235.73566653166958,235.73566653166958,2,7,4,0.6836799807534975,90.18906125210374,3.7014126890531287
21234,2000,Qualif Final,Newcastle Knights,Melbourne Storm,30.0,16.0,McDonald Jones Stadium,final_home_ground,McDonald Jones Stadium,Olympic Park,0.0,,,3,6,3,0.5929458270122808,13.006902812138284,12.338219434902706
21425,2001,Qualif Final,Canterbury Bulldogs,St. George Illawarra Dragons,22.0,23.0,Sydney Showground,final_home_ground,Sydney Showground,WIN Stadium,0.0,66.64841413178877,66.64841413178877,2,7,4,0.5943187918511448,25.304356441822378,1.0294721948910284
21616,2002,Qualif Final,New Zealand Warriors,Canberra Raiders,36.0,20.0,Mt Smart Stadium,final_home_ground,Mt Smart Stadium,Canberra Stadium,0.0,2302.2514424868978,2302.2514424868978,2,9,4,0.7316804143449408,99.71185876998808,34.555763373503424
21805,2003,Qualif Final,Penrith Panthers,Brisbane Broncos,28.0,18.0,Panthers Stadium,final_home_ground,Panthers Stadium,Suncorp Stadium,0.0,734.0800934943126,734.0800934943126,1,8,4,0.5276327128830147,-31.7719813810045,10.99274135079056
21994,2004,Qualif Final,Sydney Roosters,Canberra Raiders,38.0,12.0,Allianz Stadium,final_home_ground,Allianz Stadium,GIO Stadium,0.0,243.89129029379924,243.89129029379924,1,8,4,0.7694061387019062,165.6217494546692,3.7014126890531287
22183,2005,Qualif Final,Parramatta Eels,Manly Sea Eagles,46.0,22.0,Bankwest Stadium,final_home_ground,Bankwest Stadium,Lottoland,0.0,26.265286936135606,26.265286936135606,1,8,4,0.68637849304495,95.6675447899757,0.39558705488292434
22372,2006,Qualif Final,Melbourne Storm,Parramatta Eels,12.0,6.0,Olympic Park,final_home_ground,Olympic Park,Bankwest Stadium,,,,1,9,4,0.6992421364364476,96.02456745030152,10.53967251624674
21235,2000,Qualif Final,Sydney Roosters,Parramatta Eels,8.0,32.0,Allianz Stadium,final_home_ground,Allianz Stadium,Bankwest Stadium,0.0,22.575911503342425,22.575911503342425,2,7,4,0.602301271170593,31.801766557651916,0.30206420792367633
21426,2001,Qualif Final,Newcastle Knights,Sydney Roosters,40.0,6.0,McDonald Jones Stadium,final_home_ground,McDonald Jones Stadium,Allianz Stadium,0.0,117.70310718094711,117.70310718094711,3,6,3,0.6005955112937686,29.108101482935634,1.7595547903749251
21617,2002,Semi Final,Cronulla Sharks,St. George Illawarra Dragons,40.0,24.0,Allianz Stadium,final_opponent_ground,PointsBet Stadium,WIN Stadium,19.133373766570795,66.67493750128696,47.54156373471616,6,8,2,0.6028512164155845,31.789246093327353,0.7135158490546396
21806,2003,Semi Final,New Zealand Warriors,Canberra Raiders,17.0,16.0,Allianz Stadium,final_away_leaning_neutral,Mt Smart Stadium,Canberra Stadium,2152.3085545955855,243.89129029379924,-1908.4172643017862,6,4,-2,0.6702932317799414,48.69902532203534,34.555763373503424
21995,2004,Semi Final,NQ Cowboys,Brisbane Broncos,10.0,0.0,1300SMILES Stadium,final_home_ground,1300SMILES Stadium,Suncorp Stadium,0.0,1110.39505845803,1110.39505845803,7,3,-4,0.4639586409562547,-81.75076854463732,16.66315574889491
22184,2005,Semi Final,Melbourne Storm,NQ Cowboys,16.0,24.0,Allianz Stadium,final_balanced_neutral,Olympic Park,1300SMILES Stadium,,1680.9932300345442,,6,5,-1,0.6638253168237571,47.13068386652428,31.06483899873236
22373,2006,Semi Final,St. George Illawarra Dragons,Manly Sea Eagles,28.0,0.0,Allianz Stadium,final_balanced_neutral,WIN Stadium,Lottoland,66.67493750128696,11.892421211986559,-54.7825162893004,6,5,-1,0.6600455581240491,74.07753393526704,1.1837431342331945
21236,2000,Qualif Final,Brisbane Broncos,Cronulla Sharks,34.0,20.0,Queensland Sport and Athletics Centre,final_home_ground,Queensland Sport and Athletics Centre,PointsBet Stadium,0.0,744.7382340679553,744.7382340679553,1,8,4,0.6356120428446982,45.341154850612234,11.310085872578762
21427,2001,Qualif Final,Parramatta Eels,New Zealand Warriors,56.0,12.0,Bankwest Stadium,final_home_ground,Bankwest Stadium,Mt Smart Stadium,0.0,2174.6544436504696,2174.6544436504696,1,8,4,0.7989581208820805,167.05457695046812,32.64041525606966
21618,2002,Semi Final,Sydney Roosters,Newcastle Knights,38.0,12.0,Allianz Stadium,final_home_ground,Allianz Stadium,McDonald Jones Stadium,0.0,117.70310718094711,117.70310718094711,5,3,-2,0.5240819940571255,-25.012713753266045,1.7595547903749251
21807,2003,Semi Final,Canterbury Bulldogs,Melbourne Storm,30.0,0.0,Allianz Stadium,final_balanced_neutral,ANZ Stadium,Olympic Park,15.630959373797888,,,3,5,2,0.6934594922935232,91.1118777612426,10.70141221080187
21996,2004,Semi Final,Canterbury Bulldogs,Melbourne Storm,43.0,18.0,Allianz Stadium,final_balanced_neutral,Accor Stadium,Olympic Park,15.630959373797888,,,2,6,4,0.6942562419126601,91.76346524209387,10.70141221080187
22185,2005,Semi Final,Wests Tigers,Brisbane Broncos,34.0,6.0,Allianz Stadium,final_home_leaning_neutral,ANZ Stadium,Suncorp Stadium,15.630959373797888,734.6037133619285,718.9727539881306,4,3,-1,0.4965740251922294,-53.42185116040101,11.041202776764484
22374,2006,Semi Final,Brisbane Broncos,Newcastle Knights,50.0,6.0,Allianz Stadium,final_away_leaning_neutral,Suncorp Stadium,McDonald Jones Stadium,734.6037133619285,117.70310718094711,-616.9006061809814,3,4,1,0.6028626270960439,23.232177959556168,9.278863301460602
21237,2000,Semi Final,Parramatta Eels,Penrith Panthers,28.0,10.0,Allianz Stadium,final_balanced_neutral,Bankwest Stadium,Panthers Stadium,22.575911503342425,51.81993838253104,29.244026879188617,7,5,-2,0.6322553554872492,53.707199045957225,0.4312649190507617
21428,2001,Semi Final,Brisbane Broncos,St. George Illawarra Dragons,44.0,28.0,Allianz Stadium,final_opponent_ground,Queensland Sport and Athletics Centre,WIN Stadium,725.7092089743629,66.67493750128696,-659.0342714730759,5,7,2,0.6586355215834007,62.17229302333962,11.998435753825472
21619,2002,Prelim Final,Sydney Roosters,Brisbane Broncos,16.0,12.0,Allianz Stadium,final_home_ground,Allianz Stadium,Queensland Sport and Athletics Centre,0.0,725.7092089743629,725.7092089743629,5,4,-1,0.5438998100784962,-20.40222058713171,10.985682220604941
21808,2003,Prelim Final,Sydney Roosters,Canterbury Bulldogs,28.0,18.0,Allianz Stadium,final_home_ground,Allianz Stadium,ANZ Stadium,0.0,15.630959373797888,15.630959373797888,2,3,1,0.571944089203854,10.341231094664863,0.0
21997,2004,Prelim Final,Canterbury Bulldogs,Penrith Panthers,30.0,14.0,Allianz Stadium,final_balanced_neutral,Accor Stadium,BlueBet Stadium,15.630959373797888,51.81993838253104,36.188979008733156,2,4,2,0.676879628137934,87.72573414260947,0.7331072503460171
22186,2005,Prelim Final,St. George Illawarra Dragons,Wests Tigers,12.0,20.0,Allianz Stadium,final_balanced_neutral,WIN Stadium,ANZ Stadium,66.67493750128696,15.630959373797888,-51.043978127489076,2,4,2,0.6538725197757288,69.5432416845656,0.9595602917447579
22375,2006,Prelim Final,Canterbury Bulldogs,Brisbane Broncos,20.0,37.0,Allianz Stadium,final_home_leaning_neutral,ANZ Stadium,Suncorp Stadium,15.630959373797888,734.6037133619285,718.9727539881306,2,3,1,0.581031813551111,5.821863903144775,10.985682220604941
21238,2000,Semi Final,Sydney Roosters,Canberra Raiders,38.0,10.0,Allianz Stadium,final_home_ground,Allianz Stadium,Canberra Stadium,0.0,243.89129029379924,243.89129029379924,2,4,2,0.5747950992101405,8.664505384439693,3.7014126890531287
21429,2001,Semi Final,Cronulla Sharks,Canterbury Bulldogs,52.0,10.0,Allianz Stadium,final_balanced_neutral,PointsBet Stadium,Sydney Showground,19.133373766570795,15.386362966611847,-3.7470107999589484,4,2,-2,0.615990473014455,41.76839470941679,0.3244038287106674
21620,2002,Prelim Final,New Zealand Warriors,Cronulla Sharks,16.0,10.0,ANZ Stadium,final_away_leaning_neutral,Mt Smart Stadium,PointsBet Stadium,2167.9248473771636,24.175708077808142,-2143.7491392993556,2,6,4,0.6182798331974719,11.444151432817186,32.3318390296505
21809,2003,Prelim Final,Penrith Panthers,New Zealand Warriors,28.0,20.0,ANZ Stadium,final_home_leaning_neutral,Panthers Stadium,Mt Smart Stadium,36.19737188710691,2167.9248473771636,2131.727475490057,1,6,4,0.5246513081003358,-55.92819924042847,33.07158199739156
21998,2004,Prelim Final,Sydney Roosters,NQ Cowboys,19.0,16.0,Accor Stadium,final_home_leaning_neutral,Allianz Stadium,1300SMILES Stadium,15.630959373797888,1672.1643507203833,1656.5333913465854,1,7,4,0.8012709009176083,176.9814622165382,25.225700744872206
22187,2005,Prelim Final,Parramatta Eels,NQ Cowboys,0.0,29.0,ANZ Stadium,final_home_leaning_neutral,Bankwest Stadium,1300SMILES Stadium,7.194877776947892,1672.1643507203833,1664.9694729434354,1,5,4,0.6444179102737196,38.23003846538498,25.061051262293603
22376,2006,Prelim Final,Melbourne Storm,St. George Illawarra Dragons,24.0,10.0,ANZ Stadium,final_balanced_neutral,Olympic Park,WIN Stadium,,66.27372713843904,,1,6,4,0.620809769126651,35.860154047945485,9.78040690450516
21239,2000,Prelim Final,Sydney Roosters,Newcastle Knights,26.0,20.0,Allianz Stadium,final_home_ground,Allianz Stadium,McDonald Jones Stadium,0.0,117.70310718094711,117.70310718094711,2,3,1,0.5474095448849445,-8.71676478384251,1.7595547903749251
21430,2001,Prelim Final,Newcastle Knights,Cronulla Sharks,18.0,10.0,Allianz Stadium,final_balanced_neutral,McDonald Jones Stadium,PointsBet Stadium,117.70310718094711,19.133373766570795,-98.56973341437632,3,4,1,0.5754892210407779,10.782425741773435,2.0769628860653904
21621,2002,Grand Final,Sydney Roosters,New Zealand Warriors,30.0,8.0,ANZ Stadium,grand_final,Allianz Stadium,Mt Smart Stadium,15.630959373797888,2167.9248473771636,2152.2938880033657,5,2,-3,0.633905777958554,23.03425940175581,32.33847488966611
21810,2003,Grand Final,Penrith Panthers,Sydney Roosters,18.0,6.0,ANZ Stadium,grand_final,Panthers Stadium,Allianz Stadium,36.19737188710691,15.630959373797888,-20.566412513309025,1,2,1,0.39179563162049513,-117.12908550854021,0.7331072503460171
21999,2004,Grand Final,Canterbury Bulldogs,Sydney Roosters,16.0,13.0,Accor Stadium,grand_final,Accor Stadium,Allianz Stadium,0.0,15.630959373797888,15.630959373797888,2,1,-1,0.5429010112987336,-10.115843919446888,0.0
22188,2005,Grand Final,Wests Tigers,NQ Cowboys,30.0,16.0,ANZ Stadium,grand_final,ANZ Stadium,1300SMILES Stadium,0.0,1672.1643507203833,1672.1643507203833,4,5,1,0.5757398018151338,-12.178568512990687,25.216153899632154
22377,2006,Grand Final,Melbourne Storm,Brisbane Broncos,8.0,15.0,ANZ Stadium,grand_final,Olympic Park,Suncorp Stadium,,733.6345346431135,,1,3,2,0.6389386221370266,38.535100645918135,20.616141641746992
21240,2000,Prelim Final,Brisbane Broncos,Parramatta Eels,16.0,10.0,ANZ Stadium,final_away_leaning_neutral,Queensland Sport and Athletics Centre,Bankwest Stadium,724.9007982840163,7.194877776947892,-717.7059205070684,1,7,4,0.6504444151230436,56.90376434875065,10.973813172636492
21431,2001,Prelim Final,Parramatta Eels,Brisbane Broncos,24.0,16.0,ANZ Stadium,final_home_leaning_neutral,Bankwest Stadium,Queensland Sport and Athletics Centre,7.194877776947892,724.9007982840163,717.7059205070684,1,5,4,0.6610904046236635,65.09698229971512,10.973813172636492
21241,2000,Grand Final,Brisbane Broncos,Sydney Roosters,14.0,6.0,ANZ Stadium,grand_final,Queensland Sport and Athletics Centre,Allianz Stadium,724.9007982840163,15.630959373797888,-709.2698389102185,1,2,1,0.642461464092814,50.82400804724743,10.985682220604941
21432,2001,Grand Final,Newcastle Knights,Parramatta Eels,30.0,24.0,ANZ Stadium,grand_final,McDonald Jones Stadium,Bankwest Stadium,120.18751540740767,7.194877776947892,-112.99263763045978,3,1,-2,0.46163055699017486,-68.54995371635911,1.8356123411999468
22570,2007,Qualif Final,New Zealand Warriors,Parramatta Eels,10.0,12.0,Mt Smart Stadium,final_home_ground,Mt Smart Stadium,Bankwest Stadium,0.0,2174.6544436504696,2174.6544436504696,4,5,1,0.6344938536903104,23.172678768234178,32.64041525606966
22771,2008,Qualif Final,Sydney Roosters,Brisbane Broncos,16.0,24.0,Allianz Stadium,final_home_ground,Allianz Stadium,Suncorp Stadium,0.0,734.6037133619285,734.6037133619285,4,5,1,0.5272457086505916,-32.0346526798905,10.985682220604941
22972,2009,Qualif Final,Melbourne Storm,Manly Sea Eagles,40.0,12.0,Etihad Stadium,final_balanced_neutral,Olympic Park,Lottoland,,725.2288956071092,,4,5,1,0.6248379851588037,37.75992299635389,10.85950248219275
23173,2010,Qualif Final,Gold Coast Titans,New Zealand Warriors,28.0,16.0,Cbus Super Stadium,final_home_ground,Cbus Super Stadium,Mt Smart Stadium,0.0,2223.5668396346136,2223.5668396346136,4,6,2,0.6152211268624254,8.144478213931635,33.38353075093879
23374,2011,Qualif Final,Wests Tigers,St. George Illawarra Dragons,21.0,12.0,ANZ Stadium,final_balanced_neutral,Leichhardt Oval,WIN Stadium,8.775434868383474,66.27372713843904,57.49829227005557,4,5,1,0.46936884574927,-62.27095410595711,0.9595602917447579
23575,2012,Qualif Final,Canterbury Bulldogs,Manly Sea Eagles,16.0,10.0,ANZ Stadium,final_home_ground,ANZ Stadium,Lottoland,0.0,21.201947345732773,21.201947345732773,1,4,3,0.5190469107633542,-26.91839999060544,0.1599567722149003
23776,2013,Qualif Final,South Sydney Rabbitohs,Melbourne Storm,20.0,10.0,ANZ Stadium,final_home_ground,ANZ Stadium,AAMI Park,0.0,703.9968020945331,703.9968020945331,2,3,1,0.48347059568843714,-62.19140570855391,10.70141221080187
23977,2014,Qualif Final,Manly Sea Eagles,South Sydney Rabbitohs,24.0,40.0,Allianz Stadium,final_balanced_neutral,Lottoland,ANZ Stadium,11.892421211986559,15.630959373797888,3.738538161811329,2,3,1,0.5333126399892936,-16.977621342219255,0.1599567722149003
24178,2015,Qualif Final,Sydney Roosters,Melbourne Storm,18.0,20.0,Allianz Stadium,final_home_ground,Allianz Stadium,AAMI Park,0.0,712.2167181885654,712.2167181885654,1,4,3,0.6774845434652879,78.2381311488464,10.70141221080187
24379,2016,Qualif Final,Brisbane Broncos,Gold Coast Titans,44.0,28.0,Suncorp Stadium,final_home_ground,Suncorp Stadium,Cbus Super Stadium,0.0,76.13777245208911,76.13777245208911,5,9,4,0.7369154317590886,137.86197270256494,1.066938008460151
24580,2017,Qualif Final,Sydney Roosters,Brisbane Broncos,24.0,22.0,Allianz Stadium,final_home_ground,Allianz Stadium,Suncorp Stadium,0.0,734.6037133619285,734.6037133619285,2,3,1,0.5148014683686698,-40.697562583579796,10.985682220604941
24781,2018,Qualif Final,Melbourne Storm,South Sydney Rabbitohs,29.0,28.0,AAMI Park,final_home_ground,AAMI Park,Accor Stadium,0.0,703.9968020945331,703.9968020945331,2,3,1,0.7016532039136237,97.85904150008108,10.70141221080187
24982,2019,Qualif Final,Sydney Roosters,South Sydney Rabbitohs,30.0,6.0,Sydney Cricket Ground,final_home_ground,Sydney Cricket Ground,Accor Stadium,0.0,15.628986306432061,15.628986306432061,2,3,1,0.6176603215595907,43.32013305382634,0.0
25352,2021,Qualifier,Melbourne Storm,Manly Sea Eagles,40.0,12.0,Sunshine Coast Stadium,final_home_ground,AAMI Park,4 Pines Park,1450.0403482535824,804.9224602906793,-645.1178879629031,1,4,3,0.789676409349108,178.96496820627203,10.85950248219275
25553,2022,Qualif Final,Penrith Panthers,Parramatta Eels,27.0,8.0,Penrith Park,final_home_ground,Penrith Park,CommBank Stadium,0.0,29.56696751328253,29.56696751328253,1,4,3,0.699569448664518,106.40343111765975,0.4312649190507617
22571,2007,Qualif Final,Manly Sea Eagles,South Sydney Rabbitohs,30.0,6.0,Lottoland,final_home_ground,Lottoland,ANZ Stadium,0.0,21.201947345732773,21.201947345732773,2,7,4,0.7581579421066066,158.33118686562278,0.1599567722149003
22772,2008,Qualif Final,Cronulla Sharks,Canberra Raiders,36.0,10.0,PointsBet Stadium,final_home_ground,PointsBet Stadium,Canberra Stadium,0.0,227.62042981682544,227.62042981682544,3,6,3,0.6221060527380737,43.154369549616305,3.44342682472241
22973,2009,Qualif Final,Canterbury Bulldogs,Newcastle Knights,26.0,12.0,ANZ Stadium,final_home_ground,ANZ Stadium,McDonald Jones Stadium,0.0,120.18751540740767,120.18751540740767,1,7,4,0.5793190112619827,13.826403131645119,1.7595547903749251
23174,2010,Qualif Final,Penrith Panthers,Canberra Raiders,22.0,24.0,Panthers Stadium,final_home_ground,Panthers Stadium,Canberra Stadium,0.0,218.66534022489182,218.66534022489182,2,8,4,0.6233467262002328,44.17229535224945,3.342879177962883
23375,2011,Qualif Final,Brisbane Broncos,New Zealand Warriors,40.0,10.0,Suncorp Stadium,final_home_ground,Suncorp Stadium,Mt Smart Stadium,0.0,2289.875219886234,2289.875219886234,3,6,3,0.6675190126665013,46.741799233818945,34.336930560066314
23576,2012,Qualif Final,Melbourne Storm,South Sydney Rabbitohs,24.0,6.0,AAMI Park,final_home_ground,AAMI Park,ANZ Stadium,0.0,703.9968020945331,703.9968020945331,2,3,1,0.722775098176538,115.76696499792163,10.70141221080187
23777,2013,Qualif Final,Cronulla Sharks,NQ Cowboys,20.0,18.0,Allianz Stadium,final_home_leaning_neutral,PointsBet Stadium,1300SMILES Stadium,19.133373766570795,1680.9932300345442,1661.8598562679736,5,8,3,0.4983332886043159,-66.6646959624734,25.50654197345786
23978,2014,Qualif Final,NQ Cowboys,Brisbane Broncos,32.0,20.0,1300SMILES Stadium,final_home_ground,1300SMILES Stadium,Suncorp Stadium,0.0,1110.39505845803,1110.39505845803,5,8,3,0.6372119800705531,41.18924225976484,16.66315574889491
24179,2015,Qualif Final,Brisbane Broncos,NQ Cowboys,16.0,12.0,Suncorp Stadium,final_home_ground,Suncorp Stadium,1300SMILES Stadium,0.0,1110.39505845803,1110.39505845803,2,3,1,0.5762121339505645,-3.289603070754268,16.66315574889491
24380,2016,Qualif Final,Canberra Raiders,Cronulla Sharks,14.0,16.0,GIO Stadium,final_home_ground,GIO Stadium,PointsBet Stadium,0.0,227.62042981682544,227.62042981682544,2,3,1,0.6225740119828884,43.50024814503983,3.44342682472241
24581,2017,Qualif Final,Manly Sea Eagles,Penrith Panthers,10.0,22.0,Allianz Stadium,final_balanced_neutral,4 Pines Park,BlueBet Stadium,11.892421211986559,51.81993838253104,39.92751717054448,6,7,1,0.5571650494391762,-0.9190107280848012,0.8158009521174578
24782,2018,Qualif Final,Penrith Panthers,New Zealand Warriors,27.0,12.0,Accor Stadium,final_home_leaning_neutral,BlueBet Stadium,Go Media Stadium,36.19737188710691,2167.9248473771636,2131.727475490057,6,8,2,0.6565119034474496,39.46078340009721,33.07158199739156
24983,2019,Qualif Final,Manly Sea Eagles,Cronulla Sharks,28.0,16.0,4 Pines Park,final_home_ground,4 Pines Park,PointsBet Stadium,0.0,30.964820540125192,30.964820540125192,6,7,1,0.45772302683731897,-69.91961392826077,0.47225309218901257
25353,2021,Qualifier,Penrith Panthers,South Sydney Rabbitohs,10.0,16.0,Queensland Country Bank Stadium,final_remote_showcase,BlueBet Stadium,Accor Stadium,1656.310856717673,1674.950215563532,18.63935884585908,2,3,1,0.6069220100344997,34.728557103078096,0.7331072503460171
25554,2022,Qualif Final,Cronulla Sharks,NQ Cowboys,30.0,32.0,PointsBet Stadium,final_home_ground,PointsBet Stadium,Queensland Country Bank Stadium,0.0,1699.0681283334102,1699.0681283334102,2,3,1,0.6694362166449003,57.07503148487375,25.50654197345786
22572,2007,Qualif Final,NQ Cowboys,Canterbury Bulldogs,20.0,18.0,1300SMILES Stadium,final_home_ground,1300SMILES Stadium,ANZ Stadium,0.0,1672.1643507203833,1672.1643507203833,3,6,3,0.586548379415577,-4.474044481689766,25.225700744872206
22773,2008,Qualif Final,Manly Sea Eagles,St. George Illawarra Dragons,38.0,6.0,Lottoland,final_home_ground,Lottoland,WIN Stadium,0.0,78.56309316743732,78.56309316743732,2,7,4,0.696718552316702,103.3008691286453,1.1837431342331945
22974,2009,Qualif Final,Gold Coast Titans,Brisbane Broncos,32.0,40.0,Cbus Super Stadium,final_home_ground,Cbus Super Stadium,Suncorp Stadium,0.0,76.13777245208911,76.13777245208911,3,6,3,0.5186593351164096,-28.095079831044227,1.066938008460151
23175,2010,Qualif Final,Wests Tigers,Sydney Roosters,15.0,19.0,Allianz Stadium,final_shared_ground,Campbelltown Stadium,Allianz Stadium,40.152397686679954,0.0,-40.152397686679954,3,7,4,0.6037751834132495,33.0472012309979,0.1262329616290284
23376,2011,Qualif Final,Manly Sea Eagles,NQ Cowboys,42.0,8.0,Allianz Stadium,final_home_leaning_neutral,Lottoland,1300SMILES Stadium,11.892421211986559,1680.9932300345442,1669.1008088225576,2,7,4,0.7272714091304341,105.24612845340894,25.140209992366493
23577,2012,Qualif Final,NQ Cowboys,Brisbane Broncos,33.0,16.0,1300SMILES Stadium,final_home_ground,1300SMILES Stadium,Suncorp Stadium,0.0,1110.39505845803,1110.39505845803,5,8,3,0.5723324495060135,-6.046327508329526,16.66315574889491
23778,2013,Qualif Final,Sydney Roosters,Manly Sea Eagles,4.0,0.0,Allianz Stadium,final_home_ground,Allianz Stadium,Lottoland,0.0,11.892421211986559,11.892421211986559,1,4,3,0.4756169204883728,-57.116505993944926,0.1599567722149003
23979,2014,Qualif Final,Sydney Roosters,Penrith Panthers,18.0,19.0,Allianz Stadium,final_home_ground,Allianz Stadium,Panthers Stadium,0.0,51.81993838253104,51.81993838253104,1,4,3,0.7028114689128162,108.78961057961092,0.7331072503460171
24180,2015,Qualif Final,Canterbury Bulldogs,St. George Illawarra Dragons,11.0,10.0,Accor Stadium,final_home_ground,Accor Stadium,Netstrata Jubilee Stadium,0.0,15.165436169865211,15.165436169865211,5,8,3,0.6378824656674357,57.326971681927475,1.0294721948910284
24381,2016,Qualif Final,Melbourne Storm,NQ Cowboys,16.0,10.0,AAMI Park,final_home_ground,AAMI Park,1300SMILES Stadium,0.0,2064.8629834835165,2064.8629834835165,1,4,3,0.6048679815388553,2.9025101635847186,31.06483899873236
24582,2017,Qualif Final,Melbourne Storm,Parramatta Eels,18.0,16.0,AAMI Park,final_home_ground,AAMI Park,Accor Stadium,0.0,703.9968020945331,703.9968020945331,1,4,3,0.7517814959580411,141.9633187127709,10.53967251624674
24783,2018,Qualif Final,Sydney Roosters,Cronulla Sharks,21.0,12.0,Allianz Stadium,final_home_ground,Allianz Stadium,PointsBet Stadium,0.0,19.133373766570795,19.133373766570795,1,4,3,0.5524774473882853,-3.7245525310740346,0.3244038287106674
24984,2019,Qualif Final,Melbourne Storm,Canberra Raiders,10.0,12.0,AAMI Park,final_home_ground,AAMI Park,GIO Stadium,0.0,468.35872494860365,468.35872494860365,1,4,3,0.7118537527291883,110.11099891350631,7.000125504707342
25354,2021,Qualifier,Sydney Roosters,Gold Coast Titans,25.0,24.0,Queensland Country Bank Stadium,final_remote_showcase,Sydney Cricket Ground,Cbus Super Stadium,1683.7526453106564,1184.4250831966358,-499.32756211402057,5,8,3,0.7894151462161871,179.30059277852553,10.250736517362109
25555,2022,Qualif Final,Melbourne Storm,Canberra Raiders,20.0,28.0,AAMI Park,final_home_ground,AAMI Park,GIO Stadium,0.0,468.35872494860365,468.35872494860365,5,8,3,0.7423462026609864,136.8278520063363,7.000125504707342
22573,2007,Qualif Final,Melbourne Storm,Brisbane Broncos,40.0,0.0,Olympic Park,final_home_ground,Olympic Park,Suncorp Stadium,,,,1,8,4,0.7532478740271487,133.25466292958976,20.616141641746992
22774,2008,Qualif Final,Melbourne Storm,New Zealand Warriors,15.0,18.0,Olympic Park,final_home_ground,Olympic Park,Mt Smart Stadium,,,,1,8,4,0.7858230700313109,146.43341124124973,39.38742297123039
22975,2009,Qualif Final,St. George Illawarra Dragons,Parramatta Eels,12.0,25.0,Netstrata Jubilee Stadium,final_home_ground,WIN Stadium,Bankwest Stadium,54.82280938317612,21.697925796258527,-33.12488358691759,2,8,4,0.6932894143252529,100.64139653654371,1.032924990424765
23176,2010,Qualif Final,St. George Illawarra Dragons,Manly Sea Eagles,28.0,0.0,Netstrata Jubilee Stadium,final_home_ground,Netstrata Jubilee Stadium,Lottoland,0.0,24.243155204307456,24.243155204307456,1,9,4,0.653230085491138,68.82616375600318,1.1837431342331945
23377,2011,Qualif Final,Melbourne Storm,Newcastle Knights,18.0,8.0,AAMI Park,final_home_ground,AAMI Park,McDonald Jones Stadium,0.0,818.9469856832069,818.9469856832069,1,8,4,0.7266195033494133,117.47758957183,12.338219434902706
23578,2012,Qualif Final,Canberra Raiders,Cronulla Sharks,34.0,16.0,Canberra Stadium,final_home_ground,Canberra Stadium,PointsBet Stadium,0.0,227.62042981682544,227.62042981682544,6,7,1,0.6180067787908675,40.13160627269683,3.44342682472241
23779,2013,Qualif Final,Canterbury Bulldogs,Newcastle Knights,6.0,22.0,ANZ Stadium,final_home_ground,ANZ Stadium,McDonald Jones Stadium,0.0,120.18751540740767,120.18751540740767,6,7,1,0.6057261280698925,32.83176903949998,1.7595547903749251
23980,2014,Qualif Final,Melbourne Storm,Canterbury Bulldogs,4.0,28.0,AAMI Park,final_home_ground,AAMI Park,ANZ Stadium,0.0,703.9968020945331,703.9968020945331,6,7,1,0.6667923405703642,69.80883838743628,10.70141221080187
24181,2015,Qualif Final,Cronulla Sharks,South Sydney Rabbitohs,28.0,12.0,Allianz Stadium,final_balanced_neutral,PointsBet Stadium,Accor Stadium,19.133373766570795,15.630959373797888,-3.5024143927729074,6,7,1,0.41299199485554533,-101.40535989538324,0.3244038287106674
24382,2016,Qualif Final,Penrith Panthers,Canterbury Bulldogs,28.0,12.0,Allianz Stadium,final_balanced_neutral,BlueBet Stadium,Accor Stadium,51.81993838253104,15.630959373797888,-36.188979008733156,6,7,1,0.5400611648849312,-12.835960093974414,0.7331072503460171
24583,2017,Qualif Final,Cronulla Sharks,NQ Cowboys,14.0,15.0,Allianz Stadium,final_home_leaning_neutral,PointsBet Stadium,1300SMILES Stadium,19.133373766570795,1680.9932300345442,1661.8598562679736,5,8,3,0.6022195127061195,6.53799709434632,25.50654197345786
24784,2018,Qualif Final,Brisbane Broncos,St. George Illawarra Dragons,18.0,48.0,Suncorp Stadium,final_home_ground,Suncorp Stadium,Netstrata Jubilee Stadium,0.0,745.5134170951105,745.5134170951105,5,7,2,0.6141259591771586,28.726321244200424,11.998435753825472
24985,2019,Qualif Final,Parramatta Eels,Brisbane Broncos,58.0,0.0,CommBank Stadium,final_home_ground,CommBank Stadium,Suncorp Stadium,0.0,731.0603433762182,731.0603433762182,5,8,3,0.558534105728638,-10.112797155971984,10.973813172636492
25355,2021,Qualifier,Parramatta Eels,Newcastle Knights,28.0,20.0,Browne Park,final_remote_showcase,CommBank Stadium,McDonald Jones Stadium,1161.012793702072,1067.7935447789644,-93.21924892310767,6,7,1,0.7024428333994288,107.38061621856858,1.8356123411999468
25556,2022,Qualif Final,Sydney Roosters,South Sydney Rabbitohs,14.0,30.0,Allianz Stadium,final_balanced_neutral,Sydney Cricket Ground,Accor Stadium,0.08261533909696811,15.630959373797888,15.54834403470092,6,7,1,0.5965825647667627,27.96635715644061,0.0
22574,2007,Semi Final,Parramatta Eels,Canterbury Bulldogs,25.0,6.0,ANZ Stadium,final_opponent_ground,Bankwest Stadium,ANZ Stadium,7.194877776947892,0.0,-7.194877776947892,5,6,1,0.5518689553385491,-4.129691003444604,0.30206420792367633
22775,2008,Semi Final,New Zealand Warriors,Sydney Roosters,30.0,13.0,Mt Smart Stadium,final_home_ground,Mt Smart Stadium,Allianz Stadium,0.0,2152.3085545955855,2152.3085545955855,8,4,-4,0.6203482323190669,12.961574200431336,32.33847488966611
22976,2009,Semi Final,Parramatta Eels,Gold Coast Titans,27.0,2.0,Allianz Stadium,final_home_leaning_neutral,Bankwest Stadium,Cbus Super Stadium,22.575911503342425,679.341501019279,656.7655895159365,8,3,-4,0.5715034015578377,-0.2326491804405073,10.261225559333202
23177,2010,Semi Final,Canberra Raiders,Wests Tigers,24.0,26.0,Canberra Stadium,final_home_ground,Canberra Stadium,Campbelltown Stadium,0.0,204.88540688071555,204.88540688071555,8,3,-4,0.5359313628651216,-18.58019052851289,3.590972159469108
23378,2011,Semi Final,Wests Tigers,New Zealand Warriors,20.0,22.0,Allianz Stadium,final_home_ground,Leichhardt Oval,Mt Smart Stadium,6.871465162668532,2152.3085545955855,2145.4370894329168,4,6,2,0.6549230648773683,38.85892999090826,32.450811387623695
23579,2012,Semi Final,Manly Sea Eagles,NQ Cowboys,22.0,12.0,Allianz Stadium,final_home_leaning_neutral,Lottoland,1300SMILES Stadium,11.892421211986559,1680.9932300345442,1669.1008088225576,4,5,1,0.6287806458581066,26.407211870701445,25.140209992366493
23780,2013,Semi Final,Manly Sea Eagles,Cronulla Sharks,24.0,18.0,Allianz Stadium,final_balanced_neutral,Lottoland,PointsBet Stadium,11.892421211986559,19.133373766570795,7.240952554584236,4,5,1,0.7162516948818728,120.38070153604941,0.47225309218901257
23981,2014,Semi Final,Sydney Roosters,NQ Cowboys,31.0,30.0,Allianz Stadium,final_home_ground,Allianz Stadium,1300SMILES Stadium,0.0,1680.9932300345442,1680.9932300345442,1,5,4,0.6142127225280627,15.562661911626087,25.225700744872206
24182,2015,Semi Final,Sydney Roosters,Canterbury Bulldogs,38.0,12.0,Allianz Stadium,final_home_ground,Allianz Stadium,Accor Stadium,0.0,15.630959373797888,15.630959373797888,1,5,4,0.6576228203639933,73.38882612219936,0.0
24383,2016,Semi Final,NQ Cowboys,Brisbane Broncos,26.0,20.0,1300SMILES Stadium,final_home_ground,1300SMILES Stadium,Suncorp Stadium,0.0,1110.39505845803,1110.39505845803,4,5,1,0.5843601715786396,2.5222246725220856,16.66315574889491
24584,2017,Semi Final,Brisbane Broncos,Penrith Panthers,13.0,6.0,Suncorp Stadium,final_home_ground,Suncorp Stadium,BlueBet Stadium,0.0,734.0800934943126,734.0800934943126,3,7,4,0.6632667680477254,66.76816244508265,10.99274135079056
24785,2018,Semi Final,Cronulla Sharks,Penrith Panthers,21.0,20.0,Allianz Stadium,final_balanced_neutral,PointsBet Stadium,BlueBet Stadium,19.133373766570795,51.81993838253104,32.68656461596025,4,6,2,0.5775190934762601,13.494751381437545,0.8089529169725926
24986,2019,Semi Final,South Sydney Rabbitohs,Manly Sea Eagles,34.0,26.0,Accor Stadium,final_home_ground,Accor Stadium,4 Pines Park,0.0,21.201947345732773,21.201947345732773,3,6,3,0.6450306865319114,63.59586944165012,0.1599567722149003
25356,2021,Semi Final,Manly Sea Eagles,Sydney Roosters,42.0,6.0,BB Print Stadium,final_remote_showcase,4 Pines Park,Sydney Cricket Ground,1419.7776788447431,1429.3903347882215,9.61265594347833,4,5,1,0.4072887405686373,-105.336266026357,0.1599567722149003
25557,2022,Semi Final,Parramatta Eels,Canberra Raiders,40.0,4.0,CommBank Stadium,final_home_ground,CommBank Stadium,GIO Stadium,0.0,234.39890861803292,234.39890861803292,4,8,4,0.5983808492140644,25.71785069613301,3.547458209419264
22575,2007,Semi Final,NQ Cowboys,New Zealand Warriors,49.0,12.0,1300SMILES Stadium,final_home_ground,1300SMILES Stadium,Mt Smart Stadium,0.0,3350.5061997639386,3350.5061997639386,3,4,1,0.626019994810512,-0.7087077872118712,50.20463631106086
22776,2008,Semi Final,Brisbane Broncos,Melbourne Storm,14.0,16.0,Suncorp Stadium,final_home_ground,Suncorp Stadium,Olympic Park,0.0,,,5,1,-4,0.4508065997868697,-94.91015928406256,20.616141641746992
22977,2009,Semi Final,Brisbane Broncos,St. George Illawarra Dragons,24.0,10.0,Suncorp Stadium,final_home_ground,Suncorp Stadium,WIN Stadium,0.0,799.8575386787633,799.8575386787633,6,2,-4,0.5317011029198881,-29.94066526067186,11.998435753825472
23178,2010,Semi Final,Sydney Roosters,Penrith Panthers,34.0,12.0,Allianz Stadium,final_home_ground,Allianz Stadium,Panthers Stadium,0.0,51.81993838253104,51.81993838253104,7,2,-4,0.5125841913469927,-31.986868399338924,0.7331072503460171
23379,2011,Semi Final,Brisbane Broncos,St. George Illawarra Dragons,13.0,12.0,Suncorp Stadium,final_home_ground,Suncorp Stadium,WIN Stadium,0.0,799.8575386787633,799.8575386787633,3,5,2,0.5494628845274722,-17.515320729021507,11.998435753825472
23580,2012,Semi Final,South Sydney Rabbitohs,Canberra Raiders,38.0,16.0,ANZ Stadium,final_home_ground,ANZ Stadium,Canberra Stadium,0.0,235.73566653166958,235.73566653166958,3,6,3,0.5873363567405213,17.61485806006654,3.7014126890531287
23781,2013,Semi Final,Melbourne Storm,Newcastle Knights,16.0,18.0,AAMI Park,final_home_ground,AAMI Park,McDonald Jones Stadium,0.0,818.9469856832069,818.9469856832069,3,7,4,0.7117901758535305,104.71906421803182,12.338219434902706
23982,2014,Semi Final,Manly Sea Eagles,Canterbury Bulldogs,17.0,18.0,Allianz Stadium,final_balanced_neutral,Lottoland,ANZ Stadium,11.892421211986559,15.630959373797888,3.738538161811329,2,7,4,0.6006779895677146,30.767431062670493,0.1599567722149003
24183,2015,Semi Final,NQ Cowboys,Cronulla Sharks,39.0,0.0,1300SMILES Stadium,final_home_ground,1300SMILES Stadium,PointsBet Stadium,0.0,1696.2936605784537,1696.2936605784537,3,6,3,0.7322964478060204,109.30657544556128,25.50654197345786
24384,2016,Semi Final,Canberra Raiders,Penrith Panthers,22.0,12.0,GIO Stadium,final_home_ground,GIO Stadium,BlueBet Stadium,0.0,218.66534022489182,218.66534022489182,2,6,4,0.5851009684354067,16.3724791480461,3.342879177962883
24585,2017,Semi Final,Parramatta Eels,NQ Cowboys,16.0,24.0,Accor Stadium,final_home_ground,Accor Stadium,1300SMILES Stadium,0.0,1672.1643507203833,1672.1643507203833,4,8,4,0.5196727941270871,-51.38393311720594,25.061051262293603
24786,2018,Semi Final,South Sydney Rabbitohs,St. George Illawarra Dragons,13.0,12.0,Accor Stadium,final_home_ground,Accor Stadium,Netstrata Jubilee Stadium,0.0,15.165436169865211,15.165436169865211,3,7,4,0.5357408404158468,-16.151762701910243,1.0294721948910284
24987,2019,Semi Final,Melbourne Storm,Parramatta Eels,32.0,0.0,AAMI Park,final_home_ground,AAMI Park,CommBank Stadium,0.0,702.423824573057,702.423824573057,1,5,4,0.7677610200768015,157.17670490998745,10.53967251624674
25357,2021,Semi Final,Penrith Panthers,Parramatta Eels,8.0,6.0,BB Print Stadium,final_remote_showcase,BlueBet Stadium,CommBank Stadium,1408.1243058261307,1417.352960638582,9.228654812451396,2,6,4,0.680504098398861,90.9149165196805,0.4312649190507617
25558,2022,Semi Final,Cronulla Sharks,South Sydney Rabbitohs,12.0,38.0,Allianz Stadium,final_balanced_neutral,PointsBet Stadium,Accor Stadium,19.133373766570795,15.630959373797888,-3.5024143927729074,2,7,4,0.4935950556836167,-44.77525844869768,0.3244038287106674
22576,2007,Prelim Final,Manly Sea Eagles,NQ Cowboys,28.0,6.0,Allianz Stadium,final_home_leaning_neutral,Lottoland,1300SMILES Stadium,11.892421211986559,1680.9932300345442,1669.1008088225576,2,3,1,0.6435397053167977,37.48546421445408,25.140209992366493
22777,2008,Prelim Final,Cronulla Sharks,Melbourne Storm,0.0,28.0,Allianz Stadium,final_balanced_neutral,PointsBet Stadium,Olympic Park,19.133373766570795,,,3,1,-2,0.40527428995732395,-117.06828649424148,10.441222526098784
22978,2009,Prelim Final,Canterbury Bulldogs,Parramatta Eels,12.0,22.0,ANZ Stadium,final_home_ground,ANZ Stadium,Bankwest Stadium,0.0,7.194877776947892,7.194877776947892,1,8,4,0.5806228950467682,16.213711604642384,0.30206420792367633
23179,2010,Prelim Final,Gold Coast Titans,Sydney Roosters,6.0,32.0,Suncorp Stadium,final_home_leaning_neutral,Cbus Super Stadium,Allianz Stadium,76.13777245208911,734.6037133619285,658.4659409098394,4,7,3,0.5942383411444305,16.025128412833332,10.250736517362109
23380,2011,Prelim Final,Manly Sea Eagles,Brisbane Broncos,26.0,14.0,Allianz Stadium,final_home_leaning_neutral,Lottoland,Suncorp Stadium,11.892421211986559,734.6037133619285,722.711292149942,2,3,1,0.5841771338914039,8.210728664230736,10.84374578239099
23581,2012,Prelim Final,Melbourne Storm,Manly Sea Eagles,40.0,12.0,AAMI Park,final_home_ground,AAMI Park,Lottoland,0.0,723.2270982055624,723.2270982055624,2,4,2,0.648539063887463,55.56412908635001,10.85950248219275
23782,2013,Prelim Final,South Sydney Rabbitohs,Manly Sea Eagles,20.0,30.0,ANZ Stadium,final_home_ground,ANZ Stadium,Lottoland,0.0,21.201947345732773,21.201947345732773,2,4,2,0.5275101066300638,-21.024652200266065,0.1599567722149003
23983,2014,Prelim Final,South Sydney Rabbitohs,Sydney Roosters,32.0,22.0,ANZ Stadium,final_home_ground,ANZ Stadium,Allianz Stadium,0.0,15.630959373797888,15.630959373797888,3,1,-2,0.5877081853475767,21.58281068388601,0.0
24184,2015,Prelim Final,Brisbane Broncos,Sydney Roosters,31.0,12.0,Suncorp Stadium,final_home_ground,Suncorp Stadium,Allianz Stadium,0.0,734.6037133619285,734.6037133619285,2,1,-1,0.487872400484429,-59.414454680878364,10.985682220604941
24385,2016,Prelim Final,Cronulla Sharks,NQ Cowboys,32.0,20.0,Allianz Stadium,final_home_leaning_neutral,PointsBet Stadium,1300SMILES Stadium,19.133373766570795,1680.9932300345442,1661.8598562679736,3,4,1,0.4847309017828864,-76.11989822630404,25.50654197345786
24586,2017,Prelim Final,Melbourne Storm,Brisbane Broncos,30.0,0.0,AAMI Park,final_home_ground,AAMI Park,Suncorp Stadium,0.0,1374.0804800489027,1374.0804800489027,1,3,2,0.6860274421405947,75.16377731760139,20.616141641746992
24787,2018,Prelim Final,Melbourne Storm,Cronulla Sharks,22.0,6.0,AAMI Park,final_home_ground,AAMI Park,PointsBet Stadium,0.0,695.6739052189394,695.6739052189394,2,4,2,0.6735657501832539,75.39248816547791,10.441222526098784
24988,2019,Prelim Final,Canberra Raiders,South Sydney Rabbitohs,16.0,10.0,GIO Stadium,final_home_ground,GIO Stadium,Accor Stadium,0.0,235.73566653166958,235.73566653166958,4,3,-1,0.5837949238556357,15.079764017838173,3.7014126890531287
25358,2021,Prelim Final,South Sydney Rabbitohs,Manly Sea Eagles,36.0,16.0,Suncorp Stadium,final_opponent_ground,Accor Stadium,4 Pines Park,733.6345346431135,723.0721226157459,-10.5624120273676,3,4,1,0.7065405978248832,112.47568042257645,0.1599567722149003
25559,2022,Prelim Final,NQ Cowboys,Parramatta Eels,20.0,24.0,Queensland Country Bank Stadium,final_home_ground,Queensland Country Bank Stadium,CommBank Stadium,0.0,1669.2834565557891,1669.2834565557891,3,4,1,0.5307030455194871,-43.69951364270216,25.061051262293603
22577,2007,Prelim Final,Melbourne Storm,Parramatta Eels,26.0,10.0,Etihad Stadium,final_balanced_neutral,Olympic Park,Bankwest Stadium,,704.3655905627477,,1,5,4,0.748681765400392,139.0896296534964,10.53967251624674
22778,2008,Prelim Final,Manly Sea Eagles,New Zealand Warriors,32.0,6.0,Allianz Stadium,final_home_leaning_neutral,Lottoland,Mt Smart Stadium,11.892421211986559,2152.3085545955855,2140.416133383599,2,8,4,0.7295720759371802,100.13770071828854,32.26896683723011
22979,2009,Prelim Final,Melbourne Storm,Brisbane Broncos,40.0,10.0,Etihad Stadium,final_balanced_neutral,Olympic Park,Suncorp Stadium,,1375.1490327378797,,4,6,2,0.6929785882447531,80.80431898915066,20.616141641746992
23180,2010,Prelim Final,St. George Illawarra Dragons,Wests Tigers,13.0,12.0,ANZ Stadium,final_balanced_neutral,Netstrata Jubilee Stadium,Campbelltown Stadium,15.165436169865211,30.98228531899865,15.816849149133438,1,3,2,0.6901871081313474,98.18738265261436,0.9595602917447579
23381,2011,Prelim Final,Melbourne Storm,New Zealand Warriors,12.0,20.0,AAMI Park,final_home_ground,AAMI Park,Mt Smart Stadium,0.0,2621.844876887797,2621.844876887797,1,6,4,0.7267899548963863,90.57747831589532,39.38742297123039
23582,2012,Prelim Final,Canterbury Bulldogs,South Sydney Rabbitohs,32.0,8.0,ANZ Stadium,final_shared_ground,ANZ Stadium,ANZ Stadium,0.0,0.0,0.0,1,3,2,0.6301367044393081,52.55741691922731,0.0
23783,2013,Prelim Final,Sydney Roosters,Newcastle Knights,40.0,14.0,Allianz Stadium,final_home_ground,Allianz Stadium,McDonald Jones Stadium,0.0,117.70310718094711,117.70310718094711,1,7,4,0.5890072117543015,20.755009599319745,1.7595547903749251
23984,2014,Prelim Final,Penrith Panthers,Canterbury Bulldogs,12.0,18.0,ANZ Stadium,final_opponent_ground,Panthers Stadium,ANZ Stadium,36.19737188710691,0.0,-36.19737188710691,4,7,3,0.489085637639114,-48.318387936670284,0.7331072503460171
24185,2015,Prelim Final,Melbourne Storm,NQ Cowboys,12.0,32.0,AAMI Park,final_home_ground,AAMI Park,1300SMILES Stadium,0.0,2064.8629834835165,2064.8629834835165,4,3,-1,0.6104239395402794,6.950879347767039,31.06483899873236
24386,2016,Prelim Final,Melbourne Storm,Canberra Raiders,14.0,12.0,AAMI Park,final_home_ground,AAMI Park,GIO Stadium,0.0,468.35872494860365,468.35872494860365,1,2,1,0.6614592909818482,69.35676313039215,7.000125504707342
24587,2017,Prelim Final,Sydney Roosters,NQ Cowboys,16.0,29.0,Allianz Stadium,final_home_ground,Allianz Stadium,1300SMILES Stadium,0.0,1680.9932300345442,1680.9932300345442,2,8,4,0.5708016712644716,-15.69481520990525,25.225700744872206
24788,2018,Prelim Final,Sydney Roosters,South Sydney Rabbitohs,12.0,4.0,Allianz Stadium,final_home_ground,Allianz Stadium,Accor Stadium,0.0,15.630959373797888,15.630959373797888,1,3,2,0.6114060209365403,38.73345756788808,0.0
24989,2019,Prelim Final,Sydney Roosters,Melbourne Storm,14.0,6.0,Sydney Cricket Ground,final_home_ground,Sydney Cricket Ground,AAMI Park,0.0,712.1457129040493,712.1457129040493,2,1,-1,0.49664124288707523,-53.0353508058631,10.70141221080187
25359,2021,Prelim Final,Melbourne Storm,Penrith Panthers,6.0,10.0,Suncorp Stadium,final_home_ground,AAMI Park,BlueBet Stadium,1374.0804800489027,734.0800934943126,-640.0003865545901,1,2,1,0.6425664189104358,51.58787730584257,10.30119185137593
25560,2022,Prelim Final,Penrith Panthers,South Sydney Rabbitohs,32.0,12.0,Accor Stadium,final_opponent_ground,Penrith Park,Accor Stadium,36.19737188710691,0.0,-36.19737188710691,1,7,4,0.6565505614722987,71.82903928733404,0.7331072503460171
22578,2007,Grand Final,Melbourne Storm,Manly Sea Eagles,34.0,8.0,ANZ Stadium,grand_final,Olympic Park,Lottoland,,21.201947345732773,,1,2,1,0.6938909296064509,91.30650233693108,10.85950248219275
22779,2008,Grand Final,Manly Sea Eagles,Melbourne Storm,40.0,0.0,ANZ Stadium,grand_final,Lottoland,Olympic Park,21.201947345732773,,,2,1,-1,0.5246699941984097,-33.703103631546824,10.85950248219275
22980,2009,Grand Final,Melbourne Storm,Parramatta Eels,23.0,16.0,ANZ Stadium,grand_final,Olympic Park,Bankwest Stadium,,7.194877776947892,,4,8,4,0.7299934901905141,122.23822836887446,10.53967251624674
23181,2010,Grand Final,St. George Illawarra Dragons,Sydney Roosters,32.0,8.0,ANZ Stadium,grand_final,Netstrata Jubilee Stadium,Allianz Stadium,15.165436169865211,15.630959373797888,0.4655232039326762,1,7,4,0.7057263492936727,110.92451007316798,1.0294721948910284
23382,2011,Grand Final,Manly Sea Eagles,New Zealand Warriors,24.0,10.0,ANZ Stadium,grand_final,Lottoland,Mt Smart Stadium,21.201947345732773,2167.9248473771636,2146.722900031431,2,6,4,0.6905029322261693,67.1346285048936,32.26896683723011
23583,2012,Grand Final,Canterbury Bulldogs,Melbourne Storm,4.0,14.0,ANZ Stadium,grand_final,ANZ Stadium,AAMI Park,0.0,703.9968020945331,703.9968020945331,1,2,1,0.4741844065213087,-68.65588946548357,10.70141221080187
23784,2013,Grand Final,Sydney Roosters,Manly Sea Eagles,26.0,18.0,Allianz Stadium,grand_final,Allianz Stadium,Lottoland,0.0,11.892421211986559,11.892421211986559,1,4,3,0.4810251607635545,-53.35136062367728,0.1599567722149003
23985,2014,Grand Final,South Sydney Rabbitohs,Canterbury Bulldogs,30.0,6.0,ANZ Stadium,grand_final,ANZ Stadium,ANZ Stadium,0.0,0.0,0.0,3,7,4,0.6478764212602918,65.91882699810435,0.0
24186,2015,Grand Final,Brisbane Broncos,NQ Cowboys,16.0,17.0,Accor Stadium,grand_final,Suncorp Stadium,1300SMILES Stadium,733.6345346431135,1672.1643507203833,938.5298160772697,2,3,1,0.5780410128104416,-1.9877909211281377,16.66315574889491
24387,2016,Grand Final,Cronulla Sharks,Melbourne Storm,14.0,12.0,Accor Stadium,grand_final,PointsBet Stadium,AAMI Park,24.175708077808142,703.9968020945331,679.8210940167249,3,1,-2,0.45189455432726605,-83.97202621381763,10.441222526098784
24588,2017,Grand Final,Melbourne Storm,NQ Cowboys,34.0,6.0,Accor Stadium,grand_final,AAMI Park,1300SMILES Stadium,703.9968020945331,1672.1643507203833,968.1675486258501,1,8,4,0.7212499933894674,94.08353533240317,31.06483899873236
24789,2018,Grand Final,Sydney Roosters,Melbourne Storm,21.0,6.0,Accor Stadium,grand_final,Allianz Stadium,AAMI Park,15.630959373797888,703.9968020945331,688.3658427207353,1,2,1,0.4794239931349595,-65.00716538823619,10.70141221080187
24990,2019,Grand Final,Sydney Roosters,Canberra Raiders,14.0,8.0,Accor Stadium,grand_final,Sydney Cricket Ground,GIO Stadium,15.628986306432061,235.73566653166958,220.1066802252375,2,4,2,0.6302337703087841,48.928357536966544,3.7014126890531287
25360,2021,Grand Final,Penrith Panthers,South Sydney Rabbitohs,14.0,12.0,Suncorp Stadium,grand_final,BlueBet Stadium,Accor Stadium,734.0800934943126,733.6345346431135,-0.4455588511990527,2,3,1,0.5836334172510868,17.932606485180635,0.7331072503460171
25561,2022,Grand Final,Penrith Panthers,Parramatta Eels,28.0,12.0,Accor Stadium,grand_final,Penrith Park,CommBank Stadium,36.19737188710691,7.194877776947892,-29.00249411015902,1,4,3,0.7163722075633592,120.52471262091291,0.4312649190507617
21042,1999,Qualif Final,Sydney Roosters,Canterbury Bulldogs,8.0,12.0,Allianz Stadium,final_home_ground,Allianz Stadium,ANZ Stadium,0.0,15.630959373797888,15.630959373797888,4,5,1,0.6621878067908167,76.92234335143098,0.0
25766,2023,Qualif Final,Brisbane Broncos,Melbourne Storm,26.0,0.0,Suncorp Stadium,final_home_ground,Suncorp Stadium,AAMI Park,0.0,1374.0804800489027,1374.0804800489027,2,3,1,0.4762194996075406,-77.15300238990159,20.616141641746992
25979,2024,Qualif Final,Penrith Panthers,Sydney Roosters,30.0,10.0,BlueBet Stadium,final_home_ground,BlueBet Stadium,Allianz Stadium,0.0,51.81993838253104,51.81993838253104,2,3,1,0.6447661327084336,62.82203418336591,0.7331072503460171
26192,2025,Qualif Final,Melbourne Storm,Canterbury Bulldogs,26.0,18.0,AAMI Park,final_home_ground,AAMI Park,Accor Stadium,0.0,703.9968020945331,703.9968020945331,2,3,1,0.7078227922251913,103.00987124280871,10.70141221080187
21043,1999,Qualif Final,Melbourne Storm,St. George Illawarra Dragons,10.0,34.0,Olympic Park,final_home_ground,Olympic Park,WIN Stadium,,,,3,6,3,0.630684135225784,43.185170050118046,9.78040690450516
25767,2023,Elim Qualif,Cronulla Sharks,Sydney Roosters,12.0,13.0,PointsBet Stadium,final_home_ground,PointsBet Stadium,Allianz Stadium,0.0,19.133373766570795,19.133373766570795,6,7,1,0.5357934226665625,-15.409968513996485,0.3244038287106674
25980,2024,Qualif Final,Melbourne Storm,Cronulla Sharks,37.0,10.0,AAMI Park,final_home_ground,AAMI Park,PointsBet Stadium,0.0,695.6739052189394,695.6739052189394,1,4,3,0.6445831561143498,52.97515610571162,10.441222526098784
26193,2025,Elim Final,Cronulla Sharks,Sydney Roosters,20.0,10.0,Sharks Stadium,final_home_ground,Sharks Stadium,Allianz Stadium,0.0,19.133373766570795,19.133373766570795,5,8,3,0.5715340187116354,9.725891899144987,0.3244038287106674
21044,1999,Qualif Final,Parramatta Eels,Newcastle Knights,30.0,16.0,Bankwest Stadium,final_home_ground,Bankwest Stadium,McDonald Jones Stadium,0.0,119.7208879368765,119.7208879368765,2,7,4,0.6189342240334623,42.42220836607683,1.8356123411999468
25768,2023,Qualif Final,Penrith Panthers,New Zealand Warriors,32.0,6.0,BlueBet Stadium,final_home_ground,BlueBet Stadium,Go Media Stadium,0.0,2204.1219399721285,2204.1219399721285,1,4,3,0.8277644013938069,199.64194861758307,33.07158199739156
25981,2024,Elim Final,NQ Cowboys,Newcastle Knights,28.0,16.0,Queensland Country Bank Stadium,final_home_ground,Queensland Country Bank Stadium,McDonald Jones Stadium,0.0,1594.716612064905,1594.716612064905,5,8,3,0.6815694338420791,68.22594217878725,23.972200423183146
26194,2025,Elim Final,New Zealand Warriors,Penrith Panthers,8.0,24.0,Go Media Stadium,final_home_ground,Go Media Stadium,CommBank Stadium,0.0,2174.6544436504696,2174.6544436504696,6,7,1,0.4419834027330277,-113.56804414498306,33.07158199739156
21045,1999,Qualif Final,Cronulla Sharks,Brisbane Broncos,42.0,20.0,PointsBet Stadium,final_home_ground,PointsBet Stadium,Queensland Sport and Athletics Centre,0.0,744.7382340679553,744.7382340679553,1,8,4,0.5752453714678981,1.3759192816595114,11.310085872578762
25769,2023,Elim Qualif,Newcastle Knights,Canberra Raiders,30.0,28.0,McDonald Jones Stadium,final_home_ground,McDonald Jones Stadium,GIO Stadium,0.0,352.42736292679064,352.42736292679064,5,8,3,0.618915745919247,38.877299787243835,5.366911066241292
25982,2024,Elim Final,Canterbury Bulldogs,Manly Sea Eagles,22.0,24.0,Accor Stadium,final_home_ground,Accor Stadium,4 Pines Park,0.0,21.201947345732773,21.201947345732773,6,7,1,0.4482681569127699,-76.23602092832907,0.1599567722149003
26195,2025,Qualif Final,Canberra Raiders,Brisbane Broncos,28.0,29.0,GIO Stadium,final_home_ground,GIO Stadium,Suncorp Stadium,0.0,940.4700623577473,940.4700623577473,1,4,3,0.5235088253972715,-37.80859044324283,14.15624895541149
21046,1999,Semi Final,St. George Illawarra Dragons,Sydney Roosters,28.0,18.0,Allianz Stadium,final_opponent_ground,WIN Stadium,Allianz Stadium,66.67493750128696,0.0,-66.67493750128696,6,4,-2,0.5064127393477058,-36.57320014231415,1.0294721948910284
25770,2023,Semi Final,Melbourne Storm,Sydney Roosters,18.0,13.0,AAMI Park,final_home_ground,AAMI Park,Allianz Stadium,0.0,712.2167181885654,712.2167181885654,3,7,4,0.6145105465803437,30.30532386131724,10.70141221080187
25983,2024,Semi Final,Cronulla Sharks,NQ Cowboys,26.0,18.0,Allianz Stadium,final_home_leaning_neutral,PointsBet Stadium,Queensland Country Bank Stadium,19.133373766570795,1683.685564026319,1664.5521902597484,4,5,1,0.6224808543420693,21.368264770114347,25.50654197345786
26196,2025,Semi Final,Canberra Raiders,Cronulla Sharks,12.0,32.0,GIO Stadium,final_home_ground,GIO Stadium,Sharks Stadium,0.0,227.62042981682544,227.62042981682544,1,5,4,0.46202776060579026,-69.8801448399034,3.44342682472241
21047,1999,Semi Final,Melbourne Storm,Canterbury Bulldogs,24.0,22.0,Allianz Stadium,final_balanced_neutral,Olympic Park,ANZ Stadium,,15.630959373797888,,3,5,2,0.6280499492376775,40.302412801068634,10.70141221080187
25771,2023,Semi Final,New Zealand Warriors,Newcastle Knights,40.0,10.0,Go Media Stadium,final_home_ground,Go Media Stadium,McDonald Jones Stadium,0.0,2139.1930376865816,2139.1930376865816,4,5,1,0.5562398995271668,-32.786233340915715,32.031788033345265
25984,2024,Semi Final,Sydney Roosters,Manly Sea Eagles,40.0,16.0,Allianz Stadium,final_home_ground,Allianz Stadium,4 Pines Park,0.0,11.892421211986559,11.892421211986559,3,7,4,0.6373307895412275,57.781728421401525,0.1599567722149003
26197,2025,Semi Final,Canterbury Bulldogs,Penrith Panthers,26.0,46.0,Accor Stadium,final_home_ground,Accor Stadium,CommBank Stadium,0.0,7.194877776947892,7.194877776947892,3,7,4,0.40427072863066543,-108.08376429628069,0.7331072503460171
21048,1999,Prelim Final,Melbourne Storm,Parramatta Eels,18.0,16.0,Allianz Stadium,final_balanced_neutral,Olympic Park,Bankwest Stadium,,22.575911503342425,,3,2,-1,0.5548878602035269,-12.245358816067823,10.53967251624674
25772,2023,Prelim Final,Penrith Panthers,Melbourne Storm,38.0,4.0,Accor Stadium,final_home_leaning_neutral,BlueBet Stadium,AAMI Park,36.19737188710691,703.9968020945331,667.7994302074262,1,3,2,0.6768493897263349,78.13363264578223,10.30119185137593
25985,2024,Prelim Final,Melbourne Storm,Sydney Roosters,48.0,18.0,AAMI Park,final_home_ground,AAMI Park,Allianz Stadium,0.0,712.2167181885654,712.2167181885654,1,3,2,0.6340209424030769,44.75753532801743,10.70141221080187
26198,2025,Prelim Final,Melbourne Storm,Cronulla Sharks,22.0,14.0,AAMI Park,final_home_ground,AAMI Park,Sharks Stadium,0.0,695.6739052189394,695.6739052189394,2,5,3,0.6205392498665827,34.9997356536839,10.441222526098784
21049,1999,Prelim Final,St. George Illawarra Dragons,Cronulla Sharks,24.0,8.0,ANZ Stadium,final_balanced_neutral,WIN Stadium,PointsBet Stadium,66.27372713843904,24.175708077808142,-42.098019060630904,6,1,-4,0.5193556016921383,-27.257141831050415,0.7135158490546396
25773,2023,Prelim Final,Brisbane Broncos,New Zealand Warriors,42.0,12.0,Suncorp Stadium,final_home_ground,Suncorp Stadium,Go Media Stadium,0.0,2289.875219886234,2289.875219886234,2,4,2,0.6940314304452438,67.94399846978399,34.336930560066314
25986,2024,Prelim Final,Penrith Panthers,Cronulla Sharks,26.0,6.0,Accor Stadium,final_balanced_neutral,BlueBet Stadium,PointsBet Stadium,36.19737188710691,24.175708077808142,-12.021663809298769,2,4,2,0.6799901048330074,90.12672123967793,0.8089529169725926
26199,2025,Prelim Final,Brisbane Broncos,Penrith Panthers,16.0,14.0,Suncorp Stadium,final_home_ground,Suncorp Stadium,CommBank Stadium,0.0,731.0603433762182,731.0603433762182,4,7,3,0.4948026968746924,-54.604327538192386,10.99274135079056
21050,1999,Grand Final,Melbourne Storm,St. George Illawarra Dragons,20.0,18.0,ANZ Stadium,grand_final,Olympic Park,WIN Stadium,,66.27372713843904,,3,6,3,0.5872769841442392,11.49331008255663,9.78040690450516
25774,2023,Grand Final,Penrith Panthers,Brisbane Broncos,26.0,24.0,Accor Stadium,grand_final,BlueBet Stadium,Suncorp Stadium,36.19737188710691,733.6345346431135,697.4371627560066,1,2,1,0.7375155208786284,128.47427305282187,10.99274135079056
25987,2024,Grand Final,Melbourne Storm,Penrith Panthers,6.0,14.0,Accor Stadium,grand_final,AAMI Park,BlueBet Stadium,703.9968020945331,36.19737188710691,-667.7994302074262,1,2,1,0.5366676115291241,-24.776101432587865,10.30119185137593
26200,2025,Grand Final,Melbourne Storm,Brisbane Broncos,22.0,26.0,Accor Stadium,grand_final,AAMI Park,Suncorp Stadium,703.9968020945331,733.6345346431135,29.637732548580402,2,4,2,0.6700096965238932,62.415822082123384,20.616141641746992
20825,1998,Minor Prelim Semi,Canberra Raiders,Manly Sea Eagles,17.0,4.0,GIO Stadium,final_home_ground,GIO Stadium,4 Pines Park,0.0,254.8687086638014,254.8687086638014,7,10,3,0.578164081385993,10.903313295687159,3.8597071373031295
20826,1998,Major Prelim Semi,Parramatta Eels,North Sydney Bears,25.0,12.0,CommBank Stadium,final_home_ground,CommBank Stadium,North Sydney Oval,0.0,19.330179582191963,19.330179582191963,4,5,1,0.47941130452248704,-54.314585094414724,0.0
20827,1998,Minor Prelim Semi,St. George Dragons,Canterbury Bulldogs,12.0,20.0,Netstrata Jubilee Stadium,final_home_ground,Netstrata Jubilee Stadium,Belmore Sports Ground,0.0,6.943446335709047,6.943446335709047,8,9,1,0.5423313553651509,-10.514578076243197,0.0
20828,1998,Major Prelim Semi,Melbourne Storm,Sydney Roosters,12.0,26.0,Olympic Park,final_home_ground,Olympic Park,Allianz Stadium,,,,3,6,3,0.552615523914479,-14.00454400870533,10.70141221080187
20829,1998,Minor Semi,North Sydney Bears,Canterbury Bulldogs,2.0,23.0,North Sydney Oval,final_home_ground,North Sydney Oval,Belmore Sports Ground,0.0,14.080356370011065,14.080356370011065,5,9,4,0.6270230867645269,50.24063251594316,0.0
20830,1998,Minor Semi,Melbourne Storm,Canberra Raiders,24.0,10.0,Olympic Park,final_home_ground,Olympic Park,GIO Stadium,,,,3,7,4,0.5831226539665051,11.300521899893909,7.000125504707342
20831,1998,Major Semi,Newcastle Knights,Sydney Roosters,15.0,26.0,McDonald Jones Stadium,final_home_ground,McDonald Jones Stadium,Allianz Stadium,0.0,117.70310718094711,117.70310718094711,2,6,4,0.5445791419498538,-10.700320349127598,1.7595547903749251
20832,1998,Major Semi,Brisbane Broncos,Parramatta Eels,10.0,15.0,Queensland Sport and Athletics Centre,final_home_ground,Queensland Sport and Athletics Centre,CommBank Stadium,0.0,722.3973683482877,722.3973683482877,1,4,3,0.6466173974398475,53.98707498287239,10.973813172636492
20833,1998,Elim Prelim Final,Canterbury Bulldogs,Newcastle Knights,28.0,16.0,Allianz Stadium,final_balanced_neutral,Belmore Sports Ground,McDonald Jones Stadium,12.299020729174847,117.70310718094711,105.40408645177227,9,2,-4,0.5146821209571415,-31.554438382571508,1.7595547903749251
20834,1998,Elim Prelim Final,Brisbane Broncos,Melbourne Storm,30.0,6.0,Allianz Stadium,final_balanced_neutral,Queensland Sport and Athletics Centre,Olympic Park,725.7092089743629,,,1,3,2,0.6214015006011914,25.461222121430808,20.616141641746992
20835,1998,Prelim Final,Brisbane Broncos,Sydney Roosters,46.0,18.0,Queensland Sport and Athletics Centre,final_home_ground,Queensland Sport and Athletics Centre,Allianz Stadium,0.0,725.7092089743629,725.7092089743629,1,6,4,0.576804688342916,2.809491370553177,10.985682220604941
20836,1998,Prelim Final,Canterbury Bulldogs,Parramatta Eels,32.0,20.0,Allianz Stadium,final_balanced_neutral,Belmore Sports Ground,CommBank Stadium,12.299020729174847,22.575911503342425,10.276890774167578,9,4,-4,0.5380144166632332,-13.835868219417334,0.30206420792367633
20837,1998,Grand Final,Brisbane Broncos,Canterbury Bulldogs,38.0,12.0,Allianz Stadium,grand_final,Queensland Sport and Athletics Centre,Belmore Sports Ground,725.7092089743629,12.299020729174847,-713.4101882451881,1,9,4,0.657758642159421,62.50794682419523,10.985682220604941
