period,type,system,games,correct,brier,changed
all_1998_2025,final_away_leaning_neutral,current_plus40_legacy_travel,4,4,0.13358100965739805,0
all_1998_2025,final_away_leaning_neutral,selected_pre_2017,4,3,0.20830890040279423,1
all_1998_2025,final_away_leaning_neutral,selected_no_neutral_bonus,4,1,0.26350042175182714,3
all_1998_2025,final_balanced_neutral,current_plus40_legacy_travel,32,24,0.19858872595413785,0
all_1998_2025,final_balanced_neutral,selected_pre_2017,32,24,0.20019342087611944,0
all_1998_2025,final_balanced_neutral,selected_no_neutral_bonus,32,20,0.22022521725609262,6
all_1998_2025,final_home_ground,current_plus40_legacy_travel,155,101,0.2248607173525075,0
all_1998_2025,final_home_ground,selected_pre_2017,155,107,0.21808240174264304,12
all_1998_2025,final_home_ground,selected_no_neutral_bonus,155,107,0.21808240174264304,12
all_1998_2025,final_home_leaning_neutral,current_plus40_legacy_travel,21,14,0.18886082821169953,0
all_1998_2025,final_home_leaning_neutral,selected_pre_2017,21,17,0.1772302498280219,3
all_1998_2025,final_home_leaning_neutral,selected_no_neutral_bonus,21,14,0.19581663314865214,0
all_1998_2025,final_opponent_ground,current_plus40_legacy_travel,8,8,0.16420290417509942,0
all_1998_2025,final_opponent_ground,selected_pre_2017,8,7,0.1860690193256642,1
all_1998_2025,final_opponent_ground,selected_no_neutral_bonus,8,6,0.20432113124496434,2
all_1998_2025,final_remote_showcase,current_plus40_legacy_travel,5,3,0.19092496849989288,0
all_1998_2025,final_remote_showcase,selected_pre_2017,5,3,0.19441935794269216,0
all_1998_2025,final_remote_showcase,selected_no_neutral_bonus,5,3,0.21345194648119117,0
all_1998_2025,final_shared_ground,current_plus40_legacy_travel,3,1,0.25252470803228383,0
all_1998_2025,final_shared_ground,selected_pre_2017,3,2,0.22638038884648717,1
all_1998_2025,final_shared_ground,selected_no_neutral_bonus,3,2,0.22638038884648717,1
all_1998_2025,grand_final,current_plus40_legacy_travel,28,18,0.20172482653575144,0
all_1998_2025,grand_final,selected_pre_2017,28,20,0.20000468766737445,2
all_1998_2025,grand_final,selected_no_neutral_bonus,28,18,0.22307444243954477,4
holdout_2017_2025,final_balanced_neutral,current_plus40_legacy_travel,5,3,0.23817523545549432,0
holdout_2017_2025,final_balanced_neutral,selected_pre_2017,5,3,0.23858596449500946,0
holdout_2017_2025,final_balanced_neutral,selected_no_neutral_bonus,5,3,0.22048727951741193,0
holdout_2017_2025,final_home_ground,current_plus40_legacy_travel,52,37,0.19785595501937076,0
holdout_2017_2025,final_home_ground,selected_pre_2017,52,38,0.19020477032864,7
holdout_2017_2025,final_home_ground,selected_no_neutral_bonus,52,38,0.19020477032864,7
holdout_2017_2025,final_home_leaning_neutral,current_plus40_legacy_travel,6,5,0.15671151575605727,0
holdout_2017_2025,final_home_leaning_neutral,selected_pre_2017,6,5,0.1495395987936525,0
holdout_2017_2025,final_home_leaning_neutral,selected_no_neutral_bonus,6,5,0.1667641390485176,0
holdout_2017_2025,final_opponent_ground,current_plus40_legacy_travel,3,3,0.11857059732037324,0
holdout_2017_2025,final_opponent_ground,selected_pre_2017,3,3,0.13900513643362594,0
holdout_2017_2025,final_opponent_ground,selected_no_neutral_bonus,3,3,0.15985519869785578,0
holdout_2017_2025,final_remote_showcase,current_plus40_legacy_travel,5,3,0.19092496849989288,0
holdout_2017_2025,final_remote_showcase,selected_pre_2017,5,3,0.19441935794269216,0
holdout_2017_2025,final_remote_showcase,selected_no_neutral_bonus,5,3,0.21345194648119117,0
holdout_2017_2025,final_shared_ground,current_plus40_legacy_travel,1,0,0.25623079458813264,0
holdout_2017_2025,final_shared_ground,selected_pre_2017,1,1,0.20141051011732353,1
holdout_2017_2025,final_shared_ground,selected_no_neutral_bonus,1,1,0.20141051011732353,1
holdout_2017_2025,grand_final,current_plus40_legacy_travel,9,5,0.20159732200082572,0
holdout_2017_2025,grand_final,selected_pre_2017,9,7,0.19078691664806183,2
holdout_2017_2025,grand_final,selected_no_neutral_bonus,9,7,0.19716450806465727,2
