home,shared,opponent,neutral,grand,travel,seed,selection_correct,selection_brier
80,0,20,40,40,40,0,123,0.21837447725942513
80,20,20,40,40,40,0,123,0.2184249424994772
80,40,20,40,40,40,0,123,0.21849296096261928
80,0,20,40,40,35,0,123,0.2185189317653632
60,0,20,40,40,40,0,123,0.2185342742211418
80,20,20,40,40,35,0,123,0.2185694643497745
60,20,20,40,40,40,0,123,0.21858473946119383
80,40,20,40,40,35,0,123,0.2186375340960817
60,40,20,40,40,40,0,123,0.21865275792433594
60,0,20,40,40,35,0,123,0.218733032754529
60,20,20,40,40,35,0,123,0.21878356533894036
80,0,0,40,40,40,0,122,0.2188514298797778
60,40,20,40,40,35,0,123,0.21885163508524755
100,0,20,40,40,40,0,122,0.21888792215176722
80,0,20,40,40,30,0,123,0.21889805274459004
80,20,0,40,40,40,0,122,0.21890189511982985
100,20,20,40,40,40,0,122,0.21893838739181926
80,20,20,40,40,30,0,123,0.2189486525193773
80,40,0,40,40,40,0,122,0.21896991358297194
100,0,20,40,40,35,0,122,0.21898177721368423
80,0,0,40,40,35,0,122,0.21899391216340225
100,40,20,40,40,40,0,122,0.2190064058549613
60,0,0,40,40,40,0,122,0.21901122684149446
80,40,20,40,40,30,0,123,0.2190167733811924
60,0,20,40,40,40,5,122,0.21902166217157368
100,20,20,40,40,35,0,122,0.21903230979809557
80,20,0,40,40,35,0,122,0.21904444474781362
60,20,0,40,40,40,0,122,0.2190616920815465
60,20,20,40,40,40,5,122,0.21908385468492464
100,40,20,40,40,35,0,122,0.21910037954440273
80,40,0,40,40,35,0,122,0.2191125144941208
60,40,0,40,40,40,0,122,0.21912971054468858
60,40,20,40,40,40,5,122,0.2191619646929911
80,0,20,40,40,40,5,122,0.2191685457685009
60,0,20,40,40,30,0,123,0.21917836827508563
80,0,20,40,40,25,0,123,0.2191808503791146
60,0,20,40,40,35,5,121,0.21920318247149703
60,0,0,40,40,35,0,122,0.21920801315256808
60,20,20,40,40,30,0,123,0.21922896804987294
80,20,20,40,40,40,5,122,0.2192307382818518
80,20,20,40,40,25,0,123,0.2192315171901296
60,20,0,40,40,35,0,122,0.21925854573697942
60,20,20,40,40,35,5,121,0.21926542626801304
60,40,20,40,40,30,0,123,0.21929708891168803
80,0,20,40,40,35,5,122,0.21929851768239259
100,0,20,40,40,30,0,122,0.2192990250339897
80,40,20,40,40,25,0,123,0.21929968899968758
80,40,20,40,40,40,5,122,0.21930884828991828
60,40,0,40,40,35,0,122,0.21932661548328658
60,40,20,40,40,35,5,121,0.2193435704234054
100,20,20,40,40,30,0,122,0.21934962480877698
80,20,20,40,40,35,5,122,0.2193607614789085
100,0,0,40,40,40,0,121,0.21936487477211988
80,0,0,40,40,30,0,122,0.2193710490084991
80,0,-20,40,40,40,0,122,0.219377667436532
100,20,0,40,40,40,0,121,0.21941534001217192
100,40,20,40,40,30,0,122,0.21941774567059208
80,20,0,40,40,30,0,122,0.2194216487832864
80,20,-20,40,40,40,0,122,0.2194281326765841
40,0,20,40,40,40,0,121,0.2194385999456228
80,40,20,40,40,35,5,122,0.2194389056343009
80,0,20,40,40,20,0,123,0.21944936086960845
100,0,0,40,40,35,0,121,0.2194567576117233
60,0,0,40,40,40,5,122,0.21948028641140085
100,40,0,40,40,40,0,121,0.21948335847531397
40,20,20,40,40,40,0,121,0.21948906518567482
80,40,0,40,40,30,0,122,0.2194897696451015
80,40,-20,40,40,40,0,122,0.21949615113972618
80,20,20,40,40,20,0,123,0.21950009456253858
100,20,0,40,40,35,0,121,0.21950729019613463
100,0,20,40,40,25,0,122,0.21951195257867198
80,0,-20,40,40,35,0,122,0.2195182896903305
60,0,-20,40,40,40,0,122,0.2195374643982487
60,0,20,40,40,25,0,123,0.21953796317602947
60,20,0,40,40,40,5,122,0.21954247892475173
40,40,20,40,40,40,0,121,0.21955708364881693
100,20,20,40,40,25,0,122,0.219562619389687
80,40,20,40,40,20,0,123,0.21956831715196684
80,20,-20,40,40,35,0,122,0.21956882227474186
40,0,20,40,40,40,5,118,0.21956966720094803
100,40,0,40,40,35,0,121,0.2195753599424418
60,20,-20,40,40,40,0,122,0.2195879296383007
60,20,20,40,40,25,0,123,0.21958862998704448
60,0,20,40,40,30,5,122,0.21961295696981784
60,40,0,40,40,40,5,122,0.21962058893281827
80,0,0,40,40,40,5,122,0.21962717000832807
100,40,20,40,40,25,0,122,0.21963079119924495
40,20,20,40,40,40,5,118,0.21963185971429897
80,40,-20,40,40,35,0,122,0.21963689202104905
80,0,20,40,40,30,5,123,0.21964543244870455
60,0,0,40,40,30,0,122,0.21965136453899473
80,0,0,40,40,25,0,122,0.21965185183281072
60,40,-20,40,40,40,0,122,0.2196559481014428
60,40,20,40,40,25,0,123,0.21965680179660244
60,0,0,40,40,35,5,121,0.21965982219792
60,20,20,40,40,30,5,122,0.21967525188184178
80,20,0,40,40,40,5,122,0.21968936252167895
40,0,20,40,40,35,0,120,0.21969451361000267
100,0,20,40,40,20,0,122,0.21970002375748834
60,20,0,40,40,30,0,122,0.219701964313782
