period,system,games,correct,brier,changed
all_1998_2025,current_plus40_legacy_travel,256,173,0.21243269216501742,0
all_1998_2025,zero_all_finals,256,159,0.23124620761045128,50
all_1998_2025,only_actual_home_ground,256,167,0.22402938099543723,22
all_1998_2025,venue_plus_actual_travel,256,167,0.22171366636473544,16
all_1998_2025,selected_no_neutral_bonus,256,171,0.21735618961971126,28
all_1998_2025,selected_no_home_labels,256,166,0.22163558757069535,25
all_1998_2025,selected_pre_2017,256,183,0.2089998201237885,20
selection_through_2016,current_plus40_legacy_travel,175,117,0.22046954819638429,0
selection_through_2016,zero_all_finals,175,100,0.2412561679968592,35
selection_through_2016,only_actual_home_ground,175,106,0.2353591495463141,15
selection_through_2016,venue_plus_actual_travel,175,107,0.23291590927307312,12
selection_through_2016,selected_no_neutral_bonus,175,111,0.22929599338559903,18
selection_through_2016,selected_no_home_labels,175,107,0.23322768190500165,20
selection_through_2016,selected_pre_2017,175,123,0.21837447725942513,10
holdout_2017_2025,current_plus40_legacy_travel,81,56,0.19506911431947224,0
holdout_2017_2025,zero_all_finals,81,59,0.20961974998549587,15
holdout_2017_2025,only_actual_home_ground,81,61,0.19955148597811043,7
holdout_2017_2025,venue_plus_actual_travel,81,60,0.19751128971092002,4
holdout_2017_2025,selected_no_neutral_bonus,81,60,0.1915603172860025,10
holdout_2017_2025,selected_no_home_labels,81,59,0.1965909393175645,5
holdout_2017_2025,selected_pre_2017,81,60,0.1887459312504995,10
1998,current_plus40_legacy_travel,13,7,0.24758576056673423,0
1998,zero_all_finals,13,8,0.2584295674281849,5
1998,only_actual_home_ground,13,5,0.26528953349197437,2
1998,venue_plus_actual_travel,13,5,0.2663096109798713,2
1998,selected_no_neutral_bonus,13,6,0.2795033801493014,3
1998,selected_no_home_labels,13,6,0.27087885334641226,3
1998,selected_pre_2017,13,8,0.2632112173129204,1
1999,current_plus40_legacy_travel,9,7,0.23814912850407513,0
1999,zero_all_finals,9,4,0.2689483520490679,3
1999,only_actual_home_ground,9,4,0.2726958104209802,3
1999,venue_plus_actual_travel,9,4,0.2712977097477618,3
1999,selected_no_neutral_bonus,9,4,0.2756899195568544,3
1999,selected_no_home_labels,9,4,0.2669107101044716,3
1999,selected_pre_2017,9,6,0.24855182656379526,1
2000,current_plus40_legacy_travel,9,8,0.1770161810683471,0
2000,zero_all_finals,9,7,0.21890610039934544,1
2000,only_actual_home_ground,9,8,0.1978655728511477,0
2000,venue_plus_actual_travel,9,8,0.1983667872447693,0
2000,selected_no_neutral_bonus,9,8,0.1845160390281297,0
2000,selected_no_home_labels,9,8,0.20794287473363218,0
2000,selected_pre_2017,9,8,0.16876604306510676,0
2001,current_plus40_legacy_travel,9,7,0.18113412006303864,0
2001,zero_all_finals,9,6,0.222074739115024,1
2001,only_actual_home_ground,9,7,0.21464779374318047,0
2001,venue_plus_actual_travel,9,7,0.21185781507882262,0
2001,selected_no_neutral_bonus,9,7,0.20587097927404216,0
2001,selected_no_home_labels,9,7,0.21332569559795608,0
2001,selected_pre_2017,9,7,0.18104432525485128,0
2002,current_plus40_legacy_travel,9,8,0.19349603191938977,0
2002,zero_all_finals,9,6,0.2431764111420987,2
2002,only_actual_home_ground,9,8,0.22332857883909346,0
2002,venue_plus_actual_travel,9,7,0.21864034840447835,1
2002,selected_no_neutral_bonus,9,7,0.2007903086399627,1
2002,selected_no_home_labels,9,5,0.23064038237759935,3
2002,selected_pre_2017,9,7,0.18699501846396097,1
2003,current_plus40_legacy_travel,9,6,0.2405868158765159,0
2003,zero_all_finals,9,4,0.27098288763001244,2
2003,only_actual_home_ground,9,5,0.26840343376020254,1
2003,venue_plus_actual_travel,9,5,0.2711683104903081,1
2003,selected_no_neutral_bonus,9,5,0.274446827791764,1
2003,selected_no_home_labels,9,5,0.264309837244092,1
2003,selected_pre_2017,9,6,0.2507774675959993,0
2004,current_plus40_legacy_travel,9,6,0.2263423193638385,0
2004,zero_all_finals,9,5,0.24169188838226516,1
2004,only_actual_home_ground,9,5,0.2402421989379438,1
2004,venue_plus_actual_travel,9,5,0.23953097400451182,1
2004,selected_no_neutral_bonus,9,6,0.23819161596407298,2
2004,selected_no_home_labels,9,5,0.24837730120298385,1
2004,selected_pre_2017,9,7,0.22253843869566847,1
2005,current_plus40_legacy_travel,9,4,0.27619529979076624,0
2005,zero_all_finals,9,2,0.26957748132751624,2
2005,only_actual_home_ground,9,2,0.26214061148368434,2
2005,venue_plus_actual_travel,9,4,0.25656420900600935,0
2005,selected_no_neutral_bonus,9,4,0.24639951134710344,0
2005,selected_no_home_labels,9,4,0.2619197472525634,0
2005,selected_pre_2017,9,5,0.2573305451349583,1
2006,current_plus40_legacy_travel,9,6,0.2076038466509085,0
2006,zero_all_finals,9,6,0.2106900949403677,0
2006,only_actual_home_ground,9,6,0.20445795741543274,0
2006,venue_plus_actual_travel,9,6,0.20941742345085096,0
2006,selected_no_neutral_bonus,9,5,0.2151690098298957,1
2006,selected_no_home_labels,9,6,0.21968913278294283,0
2006,selected_pre_2017,9,6,0.21392004812624926,0
2007,current_plus40_legacy_travel,9,8,0.14638988030543273,0
2007,zero_all_finals,9,5,0.18487445541542252,3
2007,only_actual_home_ground,9,7,0.17410048947432819,1
2007,venue_plus_actual_travel,9,7,0.16706617703807153,1
2007,selected_no_neutral_bonus,9,7,0.1584387699159392,1
2007,selected_no_home_labels,9,8,0.15511588196244552,0
2007,selected_pre_2017,9,8,0.14445424679142813,0
2008,current_plus40_legacy_travel,9,7,0.2156631764792568,0
2008,zero_all_finals,9,7,0.2137335907290908,2
2008,only_actual_home_ground,9,6,0.21756598880364234,1
2008,venue_plus_actual_travel,9,6,0.21179869111439434,1
2008,selected_no_neutral_bonus,9,6,0.218532575754323,1
2008,selected_no_home_labels,9,6,0.20330668949122885,1
2008,selected_pre_2017,9,7,0.21362005634788295,0
2009,current_plus40_legacy_travel,9,6,0.21939761670391983,0
2009,zero_all_finals,9,5,0.236529660828707,3
2009,only_actual_home_ground,9,5,0.24502833261291737,1
2009,venue_plus_actual_travel,9,6,0.24152629618541704,0
2009,selected_no_neutral_bonus,9,6,0.24795009284716066,0
2009,selected_no_home_labels,9,4,0.2463225717972125,2
2009,selected_pre_2017,9,6,0.2297447188733872,0
2010,current_plus40_legacy_travel,9,5,0.23132295330813551,0
2010,zero_all_finals,9,5,0.22926657412454002,2
2010,only_actual_home_ground,9,5,0.2260498110244156,0
2010,venue_plus_actual_travel,9,5,0.22436357823955802,0
2010,selected_no_neutral_bonus,9,5,0.2274419232572059,0
2010,selected_no_home_labels,9,5,0.23625762439515782,2
2010,selected_pre_2017,9,5,0.22733146179067074,0
2011,current_plus40_legacy_travel,9,6,0.21889549464785218,0
2011,zero_all_finals,9,5,0.2391918194001854,1
2011,only_actual_home_ground,9,6,0.2392352310883793,0
2011,venue_plus_actual_travel,9,6,0.23849713351999297,0
2011,selected_no_neutral_bonus,9,6,0.2374310406127543,0
2011,selected_no_home_labels,9,6,0.22363665548172035,0
2011,selected_pre_2017,9,6,0.21946541177543324,0
2012,current_plus40_legacy_travel,9,9,0.15891749608826108,0
2012,zero_all_finals,9,7,0.2020257693031615,2
2012,only_actual_home_ground,9,9,0.1703503439602308,0
2012,venue_plus_actual_travel,9,9,0.1630462476263389,0
2012,selected_no_neutral_bonus,9,9,0.12913713817904302,0
2012,selected_no_home_labels,9,9,0.162664754385833,0
2012,selected_pre_2017,9,9,0.131028710629967,0
2013,current_plus40_legacy_travel,9,2,0.27378101051022213,0
2013,zero_all_finals,9,3,0.2933515280632446,1
2013,only_actual_home_ground,9,2,0.2948627832330907,0
2013,venue_plus_actual_travel,9,2,0.2909998338560887,0
2013,selected_no_neutral_bonus,9,4,0.2910285457810787,2
2013,selected_no_home_labels,9,4,0.273149894556032,2
2013,selected_pre_2017,9,5,0.27460321622930695,3
2014,current_plus40_legacy_travel,9,5,0.26637996581604456,0
2014,zero_all_finals,9,6,0.2554618268542326,1
2014,only_actual_home_ground,9,6,0.25416552961842215,1
2014,venue_plus_actual_travel,9,6,0.251232980109685,1
2014,selected_no_neutral_bonus,9,6,0.25162693059619845,1
2014,selected_no_home_labels,9,6,0.258595648036646,1
2014,selected_pre_2017,9,5,0.26346960859523755,0
2015,current_plus40_legacy_travel,9,4,0.2524666411614478,0
2015,zero_all_finals,9,4,0.26016520403566895,2
2015,only_actual_home_ground,9,5,0.2486966732798582,1
2015,venue_plus_actual_travel,9,4,0.2526357886445692,0
2015,selected_no_neutral_bonus,9,5,0.25272559551592766,1
2015,selected_no_home_labels,9,4,0.2593314722108693,0
2015,selected_pre_2017,9,5,0.2524980142875734,1
2016,current_plus40_legacy_travel,9,6,0.20554602696473703,0
2016,zero_all_finals,9,5,0.2571566188027102,1
2016,only_actual_home_ground,9,5,0.23939477447630608,1
2016,venue_plus_actual_travel,9,5,0.22624071624387032,1
2016,selected_no_neutral_bonus,9,5,0.1994192761684232,1
2016,selected_no_home_labels,9,5,0.21221637526127374,1
2016,selected_pre_2017,9,7,0.17983725237090573,1
2017,current_plus40_legacy_travel,9,5,0.20618613758843604,0
2017,zero_all_finals,9,7,0.19753966209027587,4
2017,only_actual_home_ground,9,6,0.19120164263355288,3
2017,venue_plus_actual_travel,9,6,0.19700888823161594,1
2017,selected_no_neutral_bonus,9,5,0.2076946510258707,0
2017,selected_no_home_labels,9,4,0.21617146293920889,1
2017,selected_pre_2017,9,5,0.21879589842873726,0
2018,current_plus40_legacy_travel,9,7,0.18966807495732446,0
2018,zero_all_finals,9,5,0.2316124930334117,2
2018,only_actual_home_ground,9,7,0.21298224977963995,0
2018,venue_plus_actual_travel,9,7,0.20694155981731735,0
2018,selected_no_neutral_bonus,9,7,0.18824255732696626,0
2018,selected_no_home_labels,9,7,0.19860774365540113,0
2018,selected_pre_2017,9,8,0.17204059510998557,1
2019,current_plus40_legacy_travel,9,6,0.20945975245580797,0
2019,zero_all_finals,9,5,0.24871899762465402,1
2019,only_actual_home_ground,9,6,0.21797586041864714,0
2019,venue_plus_actual_travel,9,6,0.21436307738984361,0
2019,selected_no_neutral_bonus,9,8,0.18493989747839304,2
2019,selected_no_home_labels,9,6,0.23095583274889503,0
2019,selected_pre_2017,9,8,0.18019329537253104,2
2020,current_plus40_legacy_travel,9,6,0.18730358452134566,0
2020,zero_all_finals,9,7,0.19610416290574273,3
2020,only_actual_home_ground,9,8,0.18876537921428857,2
2020,venue_plus_actual_travel,9,8,0.18799151055351215,2
2020,selected_no_neutral_bonus,9,8,0.18308936492822742,2
2020,selected_no_home_labels,9,7,0.1839019366211361,1
2020,selected_pre_2017,9,7,0.17976560015180476,1
2021,current_plus40_legacy_travel,9,6,0.18569244555001274,0
2021,zero_all_finals,9,6,0.19915130158388436,0
2021,only_actual_home_ground,9,6,0.20425169409118712,0
2021,venue_plus_actual_travel,9,6,0.20361012784877242,0
2021,selected_no_neutral_bonus,9,6,0.20814998750826208,0
2021,selected_no_home_labels,9,6,0.18834935070048384,0
2021,selected_pre_2017,9,6,0.1900689774627153,0
2022,current_plus40_legacy_travel,9,5,0.2589304434205464,0
2022,zero_all_finals,9,6,0.23233855291544872,1
2022,only_actual_home_ground,9,6,0.24401466319066425,1
2022,venue_plus_actual_travel,9,5,0.25388509375164037,0
2022,selected_no_neutral_bonus,9,5,0.2825326131855421,0
2022,selected_no_home_labels,9,5,0.2567442789100858,0
2022,selected_pre_2017,9,5,0.289836942659802,0
2023,current_plus40_legacy_travel,9,7,0.14986413824714784,0
2023,zero_all_finals,9,7,0.19791674213759997,2
2023,only_actual_home_ground,9,7,0.17355643668430448,0
2023,venue_plus_actual_travel,9,7,0.15697731253968514,0
2023,selected_no_neutral_bonus,9,8,0.12483492087776926,1
2023,selected_no_home_labels,9,8,0.14299012342809325,1
2023,selected_pre_2017,9,8,0.11847631480866704,1
2024,current_plus40_legacy_travel,9,8,0.150362598863996,0
2024,zero_all_finals,9,9,0.17825923164660892,1
2024,only_actual_home_ground,9,9,0.15970903617906196,1
2024,venue_plus_actual_travel,9,9,0.15006978943752763,1
2024,selected_no_neutral_bonus,9,8,0.12608191993917167,2
2024,selected_no_home_labels,9,9,0.13806494167311031,1
2024,selected_pre_2017,9,8,0.12360469166308762,2
2025,current_plus40_legacy_travel,9,6,0.21815485327063236,0
2025,zero_all_finals,9,7,0.2049366059318367,1
2025,only_actual_home_ground,9,6,0.2035064116116479,0
2025,venue_plus_actual_travel,9,6,0.20675424782836535,0
2025,selected_no_neutral_bonus,9,5,0.21847694330382028,3
2025,selected_no_home_labels,9,7,0.21353278318166635,1
2025,selected_pre_2017,9,5,0.22593106559716494,3
