period,type,games,home_wins,away_wins,draws,mean_geo_edge_km,mean_seed_edge
all_finals,final_away_leaning_neutral,4,4,0,0,-1346.693232572298,1.75
all_finals,final_balanced_neutral,32,24,8,0,2.469183330339514,0.8125
all_finals,final_home_ground,155,105,50,0,660.5459542464623,2.2451612903225806
all_finals,final_home_leaning_neutral,21,17,4,0,1321.5020616635568,2.0
all_finals,final_opponent_ground,8,7,1,0,-100.56463133816037,1.875
all_finals,final_remote_showcase,5,4,1,0,-111.01322828706789,2.0
all_finals,final_shared_ground,3,1,2,0,-10.985839969910687,3.0
all_finals,grand_final,28,22,6,0,410.9068607656322,1.4642857142857142
finals_holdout_2017_2025,final_balanced_neutral,5,2,3,0,14.527669523826797,2.0
finals_holdout_2017_2025,final_home_ground,52,37,15,0,637.5712218419233,2.3076923076923075
finals_holdout_2017_2025,final_home_leaning_neutral,6,5,1,0,1272.213405284725,2.0
finals_holdout_2017_2025,final_opponent_ground,3,3,0,0,-27.652385267193807,3.0
finals_holdout_2017_2025,final_remote_showcase,5,4,1,0,-111.01322828706789,2.0
finals_holdout_2017_2025,final_shared_ground,1,0,1,0,7.194877776947892,3.0
finals_holdout_2017_2025,grand_final,9,6,3,0,298.39768001947664,1.7777777777777777
all_matches,final_away_leaning_neutral,4,4,0,0,-1346.693232572298,1.75
all_matches,final_balanced_neutral,32,24,8,0,2.469183330339514,0.8125
all_matches,final_home_ground,155,105,50,0,660.5459542464623,2.2451612903225806
all_matches,final_home_leaning_neutral,21,17,4,0,1321.5020616635568,2.0
all_matches,final_opponent_ground,8,7,1,0,-100.56463133816037,1.875
all_matches,final_remote_showcase,5,4,1,0,-111.01322828706789,2.0
all_matches,final_shared_ground,3,1,2,0,-10.985839969910687,3.0
all_matches,grand_final,28,22,6,0,410.9068607656322,1.4642857142857142
all_matches,regular_away_leaning_neutral,57,33,23,1,-1013.2031020699023,0.8245614035087719
all_matches,regular_balanced_neutral,175,90,84,1,9.87234659425465,-0.005714285714285714
all_matches,regular_home_ground,4953,2849,2060,44,704.69991682406,0.03270745003028468
all_matches,regular_home_leaning_neutral,105,42,62,1,870.0466549202697,-0.44761904761904764
all_matches,regular_opponent_ground,57,26,30,1,-273.4053904227384,-0.7543859649122807
all_matches,regular_remote_showcase,58,32,26,0,67.7964763323109,0.3103448275862069
all_matches,regular_shared_ground,159,82,77,0,24.36759602299163,-0.2138364779874214
